Running as unit: run-u17.service
Security preflight passed: non-root, AF_UNIX blocked, source read-only, .lake writable
Building ComparatorChallenges.FalconerAllDimensions
⚠ [8924/8924] Built ComparatorChallenges.FalconerAllDimensions (8.8s)
warning: ComparatorChallenges/FalconerAllDimensions.lean:11:8: declaration uses `sorry`
Build completed successfully (8924 jobs).
Exporting #[Quot, Quot.mk, Quot.lift, Quot.ind, OAI.Falconer.falconer_distance_conjecture, propext, Quot.sound, Classical.choice, Nat.add, Nat.sub, Nat.mul, Nat.pow, Nat.gcd, Nat.div, Nat.mod, Nat.beq, Nat.ble, Nat.land, Nat.lor, Nat.xor, Nat.shiftLeft, Nat.shiftRight, String.ofList, Char.ofNat, List, eagerReduce, Nat, String, String.mk, Char, optParam, autoParam, semiOutParam, outParam] from ComparatorChallenges.FalconerAllDimensions
Building OAI.MeasureTheory.Falconer.Campaign123PlanarFurstenbergProof
✔ [3492/3556] Built OAI.MeasureTheory.Falconer.Estimates.AllDimensions (3.4s)
✔ [3493/3557] Built OAI.MeasureTheory.Falconer.Estimates.InversePowerSum (3.5s)
✔ [3494/3557] Built OAI.MeasureTheory.Falconer.Estimates.DyadicSlopeEnergy (3.6s)
✔ [3495/3557] Built OAI.MeasureTheory.Falconer.Estimates.FinitePopularity (3.6s)
✔ [3496/3560] Built OAI.MeasureTheory.Falconer.Angular.SphereModel (2.5s)
✔ [3497/3560] Built OAI.MeasureTheory.Falconer.Incidence.PublishedFurstenberg (2.4s)
✔ [3498/3560] Built OAI.MeasureTheory.Falconer.Graphs.AllDimensionalGraphGeometry (3.2s)
✔ [3499/3560] Built OAI.MeasureTheory.Falconer.Geometry.DyadicCube (3.2s)
✔ [3500/3560] Built OAI.MeasureTheory.Falconer.Estimates.DyadicSlopeVariance (3.9s)
✔ [3501/3560] Built OAI.MeasureTheory.Falconer.Measures.PopularSquareMass (2.9s)
✔ [3502/3568] Built OAI.MeasureTheory.Falconer.Estimates.Packing (3.4s)
✔ [3503/3568] Built OAI.MeasureTheory.Falconer.Graphs.BipartitePivot (4.5s)
✔ [3504/3568] Built OAI.MeasureTheory.Falconer.Measures.Schur (1.7s)
✔ [3505/3568] Built OAI.MeasureTheory.Falconer.Estimates.TubeSecondMoment (2.8s)
✔ [3506/3568] Built OAI.MeasureTheory.Falconer.Incidence.FiniteBallBounds (2.8s)
✔ [3507/3568] Built OAI.MeasureTheory.Falconer.Incidence.GridCount (2.9s)
✔ [3508/3568] Built OAI.MeasureTheory.Falconer.Geometry.TwoPointTubeGeometry (4.2s)
✔ [3509/3572] Built OAI.MeasureTheory.Falconer.Estimates.DyadicTree (2.8s)
✔ [3510/3572] Built OAI.MeasureTheory.Falconer.Radial.RadialShellMeasure (2.5s)
✔ [3511/3572] Built OAI.MeasureTheory.Falconer.Estimates.DyadicAveraging (3.0s)
✔ [3512/3572] Built OAI.MeasureTheory.Falconer.Estimates.DyadicSecantError (4.1s)
✔ [3513/3572] Built OAI.MeasureTheory.Falconer.Geometry.IntegerSumEnergy (2.9s)
✔ [3514/3576] Built OAI.MeasureTheory.Falconer.Graphs.FinsetSchur (1.7s)
✔ [3515/3576] Built OAI.MeasureTheory.Falconer.Graphs.GraphDegrees (2.8s)
✔ [3516/3576] Built OAI.MeasureTheory.Falconer.Measures.DenseNeighborPruning (3.5s)
✔ [3517/3576] Built OAI.MeasureTheory.Falconer.Geometry.ProjectionRows (3.5s)
✔ [3518/3576] Built OAI.MeasureTheory.Falconer.Estimates.DyadicCenters (3.2s)
✔ [3519/3576] Built OAI.MeasureTheory.Falconer.Estimates.AllDimensionalRegularizationLabels (2.8s)
✔ [3520/3576] Built OAI.MeasureTheory.Falconer.Shells.RadialShellMass (2.6s)
✔ [3521/3576] Built OAI.MeasureTheory.Falconer.Estimates.DyadicCells (3.3s)
✔ [3522/3576] Built OAI.MeasureTheory.Falconer.Estimates.DyadicLinearApproximation (3.0s)
✔ [3523/3576] Built OAI.MeasureTheory.Falconer.Graphs.GraphSchur (2.9s)
✔ [3524/3576] Built OAI.MeasureTheory.Falconer.Geometry.IntegerFourPaths (2.8s)
✔ [3525/3576] Built OAI.MeasureTheory.Falconer.Geometry.DyadicSeparation (2.7s)
✔ [3526/3576] Built OAI.MeasureTheory.Falconer.Geometry.ProjectionCells (3.2s)
✔ [3527/3576] Built OAI.MeasureTheory.Falconer.Estimates.AllDimensionalRegularizationCardinality (2.5s)
✔ [3528/3576] Built OAI.MeasureTheory.Falconer.Geometry.CubeBallPacking (3.3s)
✔ [3529/3576] Built OAI.MeasureTheory.Falconer.Estimates.RegularizationClasses (2.7s)
✔ [3530/3576] Built OAI.MeasureTheory.Falconer.Estimates.LinearPieces (3.3s)
✔ [3531/3576] Built OAI.MeasureTheory.Falconer.Estimates.SphericalEnergy (3.2s)
✔ [3532/3576] Built OAI.MeasureTheory.Falconer.Estimates.PathDifferenceBound (2.9s)
✔ [3533/3576] Built OAI.MeasureTheory.Falconer.Estimates.ScalarSumCells (3.1s)
✔ [3534/3576] Built OAI.MeasureTheory.Falconer.Incidence.LeafMassBins (2.7s)
✔ [3535/3576] Built OAI.MeasureTheory.Falconer.Estimates.PrefixCounting (2.6s)
✔ [3536/3576] Built OAI.MeasureTheory.Falconer.Estimates.QuantitativeDifferentiation (4.1s)
✔ [3537/3576] Built OAI.MeasureTheory.Falconer.Recursion.RegularizedPotential (3.3s)
✔ [3538/3576] Built OAI.MeasureTheory.Falconer.Estimates.ScalarRuzsa (2.9s)
✔ [3539/3576] Built OAI.MeasureTheory.Falconer.Geometry.IntegerEnergyRefinement (3.8s)
✔ [3540/3576] Built OAI.MeasureTheory.Falconer.Geometry.ScalarCoverStability (2.9s)
✔ [3541/3576] Built OAI.MeasureTheory.Falconer.Incidence.BlockRegularization (2.7s)
✔ [3542/3576] Built OAI.MeasureTheory.Falconer.Measures.PrefixMass (2.6s)
✔ [3543/3576] Built OAI.MeasureTheory.Falconer.Estimates.PrefixRetention (2.7s)
✔ [3544/3577] Built OAI.MeasureTheory.Falconer.Recursion.PotentialScale (3.1s)
✔ [3545/3577] Built OAI.MeasureTheory.Falconer.Estimates.ScalarEnergyRefinement (3.5s)
✔ [3546/3577] Built OAI.MeasureTheory.Falconer.Geometry.ScalarCoverCount (3.3s)
✔ [3548/3577] Built OAI.MeasureTheory.Falconer.Incidence.BlockLeafCounts (2.8s)
✔ [3549/3577] Built OAI.MeasureTheory.Falconer.Incidence.PlanarLeafInjection (2.0s)
✔ [3550/3580] Built OAI.MeasureTheory.Falconer.Incidence.BlockPrefixRetention (2.5s)
✔ [3551/3581] Built OAI.MeasureTheory.Falconer.Estimates.ScalarDilationBound (3.1s)
✔ [3553/3581] Built OAI.MeasureTheory.Falconer.Recursion.PotentialFrostman (3.5s)
✔ [3555/3581] Built OAI.MeasureTheory.Falconer.Recursion.ProfileInterpolation (3.5s)
✔ [3556/3583] Built OAI.MeasureTheory.Falconer.Geometry.PointBallCounts (3.0s)
✔ [3559/3589] Built OAI.MeasureTheory.Falconer.Radial.ScalarAffineFibers (3.3s)
✔ [3560/3589] Built OAI.MeasureTheory.Falconer.Recursion.ScalarPotential (3.1s)
✔ [3564/3594] Built OAI.MeasureTheory.Falconer.Recursion.CriticalPotential (3.0s)
✔ [3567/3594] Built OAI.MeasureTheory.Falconer.Recursion.ProfileLipschitz (2.0s)
✔ [3570/3595] Built OAI.MeasureTheory.Falconer.Recursion.TruncatedScalarPotential (2.0s)
✔ [3573/3596] Built OAI.MeasureTheory.Falconer.Measures.ScalarProductBalls (3.1s)
✔ [3576/3596] Built OAI.MeasureTheory.Falconer.Recursion.CriticalScalarPotential (3.1s)
✔ [3578/3598] Built OAI.MeasureTheory.Falconer.Recursion.ProfileNodeValues (2.8s)
✔ [3580/3598] Built OAI.MeasureTheory.Falconer.Geometry.ScalarBallCandidates (3.1s)
✔ [3584/3598] Built OAI.MeasureTheory.Falconer.Recursion.CriticalTruncatedPotential (3.1s)
✔ [3585/3598] Built OAI.MeasureTheory.Falconer.Recursion.ProfileBranchCounts (3.2s)
✔ [3587/3598] Built OAI.MeasureTheory.Falconer.Estimates.ScalarZoom (3.1s)
✔ [3588/3598] Built OAI.MeasureTheory.Falconer.Recursion.FiniteCountingPotential (8.3s)
✔ [3589/3668] Built OAI.MeasureTheory.Falconer.Radial.ScalarAffineExceptions (3.5s)
✔ [3714/3727] Built OAI.MeasureTheory.Falconer.Incidence.BlockDescendantCounts (3.1s)
✔ [3716/3747] Built OAI.MeasureTheory.Falconer.Recursion.FiniteCriticalPotential (4.0s)
✔ [3726/3747] Built OAI.MeasureTheory.Falconer.Estimates.ScalarRatioFamily (3.3s)
✔ [3728/3748] Built OAI.MeasureTheory.Falconer.Estimates.SamplingTail (3.5s)
✔ [3729/3750] Built OAI.MeasureTheory.Falconer.Angular.AngularGainFinite (3.3s)
✔ [3731/3764] Built OAI.MeasureTheory.Falconer.Estimates.ChildRetention (3.5s)
✔ [3737/3768] Built OAI.MeasureTheory.Falconer.Geometry.FiniteProjectionSublevels (3.0s)
✔ [3739/3768] Built OAI.MeasureTheory.Falconer.Estimates.PlanarPrefixTruncation (2.8s)
✔ [3740/3768] Built OAI.MeasureTheory.Falconer.Estimates.IidSampling (3.7s)
✔ [3742/3768] Built OAI.MeasureTheory.Falconer.Angular.AngularGrid (3.4s)
✔ [3744/3771] Built OAI.MeasureTheory.Falconer.Estimates.ParallelCount (2.4s)
✔ [3745/3771] Built OAI.MeasureTheory.Falconer.Recursion.FiniteProjectionPotential (3.9s)
✔ [3746/3771] Built OAI.MeasureTheory.Falconer.Incidence.IncidenceSampling (3.6s)
✔ [3747/3771] Built OAI.MeasureTheory.Falconer.Geometry.SamplingGrid (4.0s)
✔ [3748/3771] Built OAI.MeasureTheory.Falconer.Angular.AngularSamples (3.7s)
✔ [3749/3771] Built OAI.MeasureTheory.Falconer.Estimates.DyadicAncestors (2.6s)
✔ [3750/3771] Built OAI.MeasureTheory.Falconer.Recursion.LocalProfileCounts (3.2s)
✔ [3751/3771] Built OAI.MeasureTheory.Falconer.Angular.GoodProjectionDirections (3.5s)
✔ [3752/3771] Built OAI.MeasureTheory.Falconer.Estimates.PointSamples (3.1s)
✔ [3753/3771] Built OAI.MeasureTheory.Falconer.Estimates.UniformSamples (3.4s)
✔ [3754/3771] Built OAI.MeasureTheory.Falconer.Recursion.LocalProfileRegularity (3.3s)
✔ [3755/3774] Built OAI.MeasureTheory.Falconer.Estimates.ProjectedSubsetRegularity (3.9s)
✔ [3756/3774] Built OAI.MeasureTheory.Falconer.Incidence.SampledFurstenberg (2.4s)
✔ [3757/3775] Built OAI.MeasureTheory.Falconer.Incidence.TruncatedBlockRatio (3.1s)
✔ [3758/3775] Built OAI.MeasureTheory.Falconer.Incidence.IncidenceSamples (4.1s)
✔ [3759/3775] Built OAI.MeasureTheory.Falconer.Recursion.ProfileGrid (3.1s)
✔ [4042/4319] Built OAI.MeasureTheory.Falconer.Estimates.RegularizationLabels (1.8s)
✔ [4909/5193] Built OAI.MeasureTheory.Falconer.Measures.RegularizedMass (3.6s)
✔ [7383/7587] Built OAI.MeasureTheory.Falconer.Estimates.PlanarSampling (3.0s)
✔ [9027/9056] Built OAI.MeasureTheory.Falconer.Estimates.AllDimensionalOccupiedClasses (2.5s)
✔ [9029/9060] Built OAI.MeasureTheory.Falconer.Frostman.Capacity (1.0s)
✔ [9030/9060] Built OAI.MeasureTheory.Falconer.Frostman.Content (2.5s)
✔ [9031/9070] Built OAI.MeasureTheory.Falconer.Incidence.PlanarIncidence (3.8s)
✔ [9032/9070] Built OAI.MeasureTheory.Falconer.Estimates.RegularizationSelection (2.6s)
✔ [9033/9072] Built OAI.MeasureTheory.Falconer.Recursion.UnitProfiles (2.6s)
✔ [9034/9076] Built OAI.MeasureTheory.Falconer.Frostman.ContentBound (2.5s)
✔ [9035/9076] Built OAI.MeasureTheory.Falconer.Estimates.SamplingScales (3.3s)
✔ [9036/9076] Built OAI.MeasureTheory.Falconer.Model (4.9s)
✔ [9037/9076] Built OAI.MeasureTheory.Falconer.Incidence.BlockDepthBracket (2.6s)
✔ [9038/9077] Built OAI.MeasureTheory.Falconer.Geometry.DyadicBallCount (2.9s)
✔ [9039/9085] Built OAI.MeasureTheory.Falconer.Geometry.LocalPointBalls (2.9s)
✔ [9040/9091] Built OAI.MeasureTheory.Falconer.Geometry.FiniteWeightedProjectionSample (4.4s)
✔ [9041/9091] Built OAI.MeasureTheory.Falconer.Graphs.GraphBallCover (3.7s)
✔ [9042/9091] Built OAI.MeasureTheory.Falconer.Geometry.HalfSlopeGrid (2.0s)
✔ [9043/9091] Built OAI.MeasureTheory.Falconer.DistanceSet (5.4s)
✔ [9044/9091] Built OAI.MeasureTheory.Falconer.Geometry.RobustProjectionSets (3.6s)
✔ [9045/9098] Built OAI.MeasureTheory.Falconer.Incidence.PencilDirections (3.3s)
✔ [9046/9098] Built OAI.MeasureTheory.Falconer.Geometry.PlanarProjectionCoordinates (3.9s)
✔ [9047/9098] Built OAI.MeasureTheory.Falconer.Estimates.ProjectedPacketRows (3.9s)
✔ [9048/9098] Built OAI.MeasureTheory.Falconer.Geometry.TubeFiberCoordinates (4.5s)
✔ [9049/9098] Built OAI.MeasureTheory.Falconer.Geometry.ProjectionCoordinateBalls (4.6s)
✔ [9050/9098] Built OAI.MeasureTheory.Falconer.Geometry.DyadicGeometry (7.8s)
✔ [9051/9099] Built OAI.MeasureTheory.Falconer.Estimates.TubeUniformization (3.3s)
✔ [9052/9099] Built OAI.MeasureTheory.Falconer.Estimates.LocalPacketRows (3.3s)
✔ [9053/9099] Built OAI.MeasureTheory.Falconer.Estimates.CoarsePlanarRounding (4.3s)
✔ [9054/9099] Built OAI.MeasureTheory.Falconer.Estimates.PlanarQuarter (3.6s)
✔ [9055/9099] Built OAI.MeasureTheory.Falconer.Estimates.WeightedDyadicRegularity (3.3s)
✔ [9056/9100] Built OAI.MeasureTheory.Falconer.Estimates.LocalPacketRegularity (3.5s)
✔ [9057/9100] Built OAI.MeasureTheory.Falconer.Estimates.IncidentCoarseRounding (3.2s)
✔ [9058/9109] Built OAI.MeasureTheory.Falconer.Frostman.GeometricCapacity (6.3s)
✔ [9059/9109] Built OAI.MeasureTheory.Falconer.Geometry.FinitePrefixCover (3.6s)
✔ [9060/9109] Built OAI.MeasureTheory.Falconer.Incidence.CoarsePencilWeights (3.3s)
✔ [9061/9109] Built OAI.MeasureTheory.Falconer.Estimates.PrefixCenters (3.5s)
✔ [9062/9109] Built OAI.MeasureTheory.Falconer.Incidence.CommonTubeCount (2.0s)
✔ [9063/9109] Built OAI.MeasureTheory.Falconer.Geometry.LocalPrefixCover (3.5s)
✔ [9064/9109] Built OAI.MeasureTheory.Falconer.Recursion.PlanarCriticalPotential (8.6s)
✔ [9065/9109] Built OAI.MeasureTheory.Falconer.Measures.DyadicMeasure (6.6s)
✔ [9066/9112] Built OAI.MeasureTheory.Falconer.Incidence.CoarsePacketPoints (3.4s)
✔ [9067/9114] Built OAI.MeasureTheory.Falconer.Incidence.RegularCoarsePencils (3.1s)
✔ [9068/9114] Built OAI.MeasureTheory.Falconer.Estimates.PlanarPathCenters (3.0s)
✔ [9069/9119] Built OAI.MeasureTheory.Falconer.Estimates.CommonTubeKernel (3.5s)
✔ [9070/9119] Built OAI.MeasureTheory.Falconer.Incidence.IncidentCoarsePencils (2.9s)
✔ [9071/9119] Built OAI.MeasureTheory.Falconer.Geometry.DyadicPacking (6.4s)
✔ [9072/9119] Built OAI.MeasureTheory.Falconer.Estimates.LocalPrefixCenters (4.0s)
✔ [9073/9119] Built OAI.MeasureTheory.Falconer.Geometry.ProjectionSampleBudget (4.9s)
✔ [9074/9121] Built OAI.MeasureTheory.Falconer.Estimates.CommonTubePower (3.5s)
✔ [9075/9121] Built OAI.MeasureTheory.Falconer.Geometry.RetainedEndpointGeometry (3.2s)
✔ [9076/9121] Built OAI.MeasureTheory.Falconer.Incidence.CoarseCellPencils (4.1s)
✔ [9077/9124] Built OAI.MeasureTheory.Falconer.Incidence.PlanarBaselineIncidence (3.3s)
✔ [9078/9130] Built OAI.MeasureTheory.Falconer.Geometry.DyadicClasses (6.0s)
✔ [9079/9130] Built OAI.MeasureTheory.Falconer.Incidence.PencilFiberEnergy (3.8s)
✔ [9080/9130] Built OAI.MeasureTheory.Falconer.Estimates.PacketRepresentativeBand (3.5s)
✔ [9081/9131] Built OAI.MeasureTheory.Falconer.Incidence.PencilSecondMoment (3.3s)
✔ [9082/9135] Built OAI.MeasureTheory.Falconer.Incidence.VariableBaselineIncidence (3.2s)
✔ [9083/9135] Built OAI.MeasureTheory.Falconer.Estimates.FiniteEnergyRegularity (4.1s)
✔ [9084/9135] Built OAI.MeasureTheory.Falconer.Recursion.LeafMassBins (6.3s)
✔ [9085/9135] Built OAI.MeasureTheory.Falconer.Estimates.RegularizationCardinality (5.7s)
✔ [9086/9135] Built OAI.MeasureTheory.Falconer.Estimates.ParentPrefixRetention (2.7s)
✔ [9087/9138] Built OAI.MeasureTheory.Falconer.Estimates.LocalCellLines (3.8s)
✔ [9088/9138] Built OAI.MeasureTheory.Falconer.Estimates.PlanarTreeUniformization (2.6s)
✔ [9089/9138] Built OAI.MeasureTheory.Falconer.Incidence.PencilEnergyPruning (3.7s)
✔ [9090/9140] Built OAI.MeasureTheory.Falconer.Estimates.LocalLineResolution (2.0s)
✔ [9091/9140] Built OAI.MeasureTheory.Falconer.Incidence.LocalCellIncidence (3.5s)
✔ [9092/9142] Built OAI.MeasureTheory.Falconer.Estimates.ParentChildRetention (3.2s)
✔ [9093/9142] Built OAI.MeasureTheory.Falconer.Recursion.BlockRegularization (5.6s)
✔ [9094/9142] Built OAI.MeasureTheory.Falconer.Incidence.FrozenPacketSelection (3.3s)
✔ [9095/9142] Built OAI.MeasureTheory.Falconer.Incidence.CriticalPencilIncidence (3.5s)
✔ [9096/9142] Built OAI.MeasureTheory.Falconer.Geometry.ParentEndpointGeometry (3.1s)
✔ [9097/9142] Built OAI.MeasureTheory.Falconer.Estimates.PacketScaleCombination (3.4s)
✔ [9098/9142] Built OAI.MeasureTheory.Falconer.Incidence.UpperBlockBracket (2.7s)
✔ [9099/9142] Built OAI.MeasureTheory.Falconer.Incidence.FrozenPacketRegularity (3.3s)
✔ [9100/9142] Built OAI.MeasureTheory.Falconer.Incidence.CoarsePencilSize (3.8s)
✔ [9101/9142] Built OAI.MeasureTheory.Falconer.Estimates.FinePacketCounts (3.1s)
✔ [9102/9142] Built OAI.MeasureTheory.Falconer.Estimates.RegularizationScales (6.2s)
✔ [9103/9142] Built OAI.MeasureTheory.Falconer.Incidence.FrozenPacketProduct (3.1s)
✔ [9104/9142] Built OAI.MeasureTheory.Falconer.Incidence.FrozenCoarseConfiguration (2.0s)
✔ [9105/9142] Built OAI.MeasureTheory.Falconer.Incidence.RetainedCoarseIncidences (3.7s)
✔ [9106/9142] Built OAI.MeasureTheory.Falconer.Angular.LocalDirectionPackets (4.0s)
✔ [9107/9142] Built OAI.MeasureTheory.Falconer.Incidence.OriginalCoarsePackets (3.1s)
✔ [9108/9142] Built OAI.MeasureTheory.Falconer.Incidence.ComparableFrozenPencils (3.3s)
✔ [9109/9146] Built OAI.MeasureTheory.Falconer.Estimates.RegularizationQuantifiers (5.5s)
✔ [9110/9146] Built OAI.MeasureTheory.Falconer.Estimates.RescaledCellPackets (4.1s)
✔ [9111/9146] Built OAI.MeasureTheory.Falconer.Recursion.IntermediateProfiles (6.3s)
✔ [9112/9146] Built OAI.MeasureTheory.Falconer.Estimates.RegularCoarseCells (3.0s)
✔ [9113/9146] Built OAI.MeasureTheory.Falconer.Incidence.UniformFrozenCells (4.6s)
✔ [9114/9152] Built OAI.MeasureTheory.Falconer.Geometry.RetainedCoarseCover (2.0s)
✔ [9115/9152] Built OAI.MeasureTheory.Falconer.Estimates.RegularizationCount (6.4s)
✔ [9116/9152] Built OAI.MeasureTheory.Falconer.Measures.CellRefinementMass (3.3s)
✔ [9117/9152] Built OAI.MeasureTheory.Falconer.Measures.RescaledScaleProduct (4.2s)
✔ [9118/9158] Built OAI.MeasureTheory.Falconer.Radial.HeavyCellRegularity (3.0s)
✔ [9119/9158] Built OAI.MeasureTheory.Falconer.Recursion.ProfileEnvelopes (6.2s)
✔ [9120/9158] Built OAI.MeasureTheory.Falconer.Estimates.RetainedRegularCells (3.2s)
✔ [9121/9159] Built OAI.MeasureTheory.Falconer.Radial.HeavyPacketCells (3.3s)
✔ [9122/9159] Built OAI.MeasureTheory.Falconer.Estimates.UniformScaleCombination (5.6s)
✔ [9123/9159] Built OAI.MeasureTheory.Falconer.Estimates.CommonTubePacking (3.6s)
✔ [9124/9159] Built OAI.MeasureTheory.Falconer.Recursion.FrostmanProfiles (5.7s)
✔ [9125/9161] Built OAI.MeasureTheory.Falconer.Estimates.RegularCellConfiguration (4.1s)
✔ [9126/9161] Built OAI.MeasureTheory.Falconer.Estimates.InterpolatedTubeKernel (3.3s)
✔ [9127/9161] Built OAI.MeasureTheory.Falconer.Estimates.RegularCoarsePreparation (5.5s)
✔ [9128/9167] Built OAI.MeasureTheory.Falconer.Estimates.RegularRefinementData (3.3s)
✔ [9129/9167] Built OAI.MeasureTheory.Falconer.Incidence.GoodPencilDirections (3.3s)
✔ [9130/9168] Built OAI.MeasureTheory.Falconer.Estimates.RegularizationProperties (5.0s)
✔ [9131/9168] Built OAI.MeasureTheory.Falconer.Incidence.InterpolatedIncidence (3.3s)
✔ [9132/9168] Built OAI.MeasureTheory.Falconer.Incidence.RegularEnergyPencils (3.5s)
✔ [9133/9168] Built OAI.MeasureTheory.Falconer.Geometry.RegularCoordinateRows (2.9s)
✔ [9134/9168] Built OAI.MeasureTheory.Falconer.Incidence.CoarserPencilDirections (3.3s)
✔ [9135/9168] Built OAI.MeasureTheory.Falconer.Estimates.BuildRegularRefinement (7.3s)
✔ [9136/9168] Built OAI.MeasureTheory.Falconer.Estimates.QuantitativePacketPoints (3.7s)
✔ [9137/9169] Built OAI.MeasureTheory.Falconer.Estimates.TwoScaleRatio (3.4s)
✔ [9138/9169] Built OAI.MeasureTheory.Falconer.Estimates.RegularClasses (6.4s)
✔ [9139/9173] Built OAI.MeasureTheory.Falconer.Estimates.SelectedRegularFiber (3.5s)
✔ [9140/9173] Built OAI.MeasureTheory.Falconer.Estimates.RegularScaleCoefficients (4.1s)
✔ [9141/9173] Built OAI.MeasureTheory.Falconer.Estimates.PacketCentering (3.4s)
✔ [9142/9173] Built OAI.MeasureTheory.Falconer.Estimates.RegularRefinementPreparation (4.0s)
✔ [9143/9173] Built OAI.MeasureTheory.Falconer.Recursion.ProfilePacking (6.2s)
✔ [9144/9173] Built OAI.MeasureTheory.Falconer.Estimates.GeometricRegularFiber (4.0s)
✔ [9145/9178] Built OAI.MeasureTheory.Falconer.Estimates.TubePacketDilation (3.9s)
✔ [9146/9178] Built OAI.MeasureTheory.Falconer.Estimates.RegularRefinementBound (4.4s)
✔ [9147/9178] Built OAI.MeasureTheory.Falconer.Estimates.PacketGoodRegularFiber (3.4s)
✔ [9148/9178] Built OAI.MeasureTheory.Falconer.Incidence.PacketRowPencils (3.1s)
✔ [9149/9178] Built OAI.MeasureTheory.Falconer.Geometry.PlanarScalarGrid (3.5s)
✔ [9150/9178] Built OAI.MeasureTheory.Falconer.Recursion.ProfileBalls (6.1s)
✔ [9151/9183] Built OAI.MeasureTheory.Falconer.Estimates.GoodCoarseRows (3.9s)
✔ [9152/9183] Built OAI.MeasureTheory.Falconer.Estimates.PacketResidualRows (3.9s)
✔ [9153/9187] Built OAI.MeasureTheory.Falconer.Estimates.FiniteNearbyImages (3.4s)
✔ [9154/9187] Built OAI.MeasureTheory.Falconer.Incidence.CenteredPacketPencils (3.1s)
✔ [9155/9187] Built OAI.MeasureTheory.Falconer.Estimates.ScalarRepeatedSums (3.3s)
✔ [9156/9192] Built OAI.MeasureTheory.Falconer.Geometry.ScalarRuzsaCovering (3.3s)
✔ [9157/9192] Built OAI.MeasureTheory.Falconer.Geometry.ConditionalBalls (5.7s)
✔ [9158/9192] Built OAI.MeasureTheory.Falconer.Incidence.RoundedRowPencils (3.2s)
✔ [9159/9192] Built OAI.MeasureTheory.Falconer.Estimates.ScalarPluennecke (3.2s)
✔ [9160/9192] Built OAI.MeasureTheory.Falconer.Measures.ScalarDensitySelection (3.0s)
✔ [9161/9192] Built OAI.MeasureTheory.Falconer.Estimates.RescaledConditional (5.9s)
✔ [9162/9192] Built OAI.MeasureTheory.Falconer.Graphs.CommonRowNormalization (3.7s)
✔ [9163/9192] Built OAI.MeasureTheory.Falconer.Measures.ScalarDensityZoom (3.3s)
✔ [9164/9192] Built OAI.MeasureTheory.Falconer.Estimates.ScalarCoefficientAdd (4.4s)
✔ [9165/9192] Built OAI.MeasureTheory.Falconer.Incidence.NormalizedProductPencils (3.1s)
✔ [9166/9193] Built OAI.MeasureTheory.Falconer.Measures.ScalarDensityRadius (3.4s)
✔ [9167/9198] Built OAI.MeasureTheory.Falconer.Estimates.ScalarCoefficientNeg (3.3s)
✔ [9168/9198] Built OAI.MeasureTheory.Falconer.Geometry.FinitePrefixBallBound (5.9s)
✔ [9169/9198] Built OAI.MeasureTheory.Falconer.Estimates.ScalarIncrementSelection (3.3s)
✔ [9170/9198] Built OAI.MeasureTheory.Falconer.Estimates.ScalarCoefficientMul (4.4s)
✔ [9171/9199] Built OAI.MeasureTheory.Falconer.Estimates.ScalarPartialSums (3.5s)
✔ [9172/9199] Built OAI.MeasureTheory.Falconer.Estimates.ScalarSwitchSums (2.0s)
✔ [9173/9199] Built OAI.MeasureTheory.Falconer.Estimates.ScalarCoefficientClosure (3.4s)
✔ [9174/9199] Built OAI.MeasureTheory.Falconer.Geometry.RelativePrefixBallBound (5.8s)
✔ [9175/9199] Built OAI.MeasureTheory.Falconer.Incidence.BlockPrefixBallBound (5.7s)
✔ [9176/9206] Built OAI.MeasureTheory.Falconer.Estimates.ScalarPathCenters (2.5s)
✔ [9177/9206] Built OAI.MeasureTheory.Falconer.Estimates.ScalarSwitchProgression (3.2s)
✔ [9178/9206] Built OAI.MeasureTheory.Falconer.Geometry.ScalarNetAmplification (3.7s)
✔ [9179/9212] Built OAI.MeasureTheory.Falconer.Estimates.ScalarCoefficientBudget (3.5s)
✔ [9180/9212] Built OAI.MeasureTheory.Falconer.Geometry.ScalarGridThinning (3.4s)
✔ [9181/9212] Built OAI.MeasureTheory.Falconer.Measures.ScalarPrefixPruning (2.6s)
✔ [9182/9212] Built OAI.MeasureTheory.Falconer.Incidence.RelativeBlockBallBound (5.9s)
✔ [9183/9218] Built OAI.MeasureTheory.Falconer.Recursion.ScalarBinaryBranch (3.4s)
✔ [9184/9221] Built OAI.MeasureTheory.Falconer.Geometry.ScalarNetIteration (3.4s)
✔ [9185/9221] Built OAI.MeasureTheory.Falconer.Geometry.ScalarClosureProjections (3.2s)
✔ [9186/9221] Built OAI.MeasureTheory.Falconer.Estimates.ScalarClosestScale (3.7s)
✔ [9187/9229] Built OAI.MeasureTheory.Falconer.Estimates.ScalarBinaryEmbedding (3.3s)
✔ [9188/9229] Built OAI.MeasureTheory.Falconer.Recursion.ScalarBranchGrowth (3.3s)
✔ [9189/9236] Built OAI.MeasureTheory.Falconer.Incidence.BlockProfileBallBound (5.0s)
✔ [9190/9236] Built OAI.MeasureTheory.Falconer.Estimates.ScalarInitialChildren (3.3s)
✔ [9191/9236] Built OAI.MeasureTheory.Falconer.Estimates.ScalarClusterSums (3.2s)
✔ [9192/9236] Built OAI.MeasureTheory.Falconer.Estimates.ScalarCorrelatedWeights (3.2s)
✔ [9193/9236] Built OAI.MeasureTheory.Falconer.Estimates.ScalarBinaryGrowth (3.3s)
✔ [9194/9236] Built OAI.MeasureTheory.Falconer.Estimates.ScalarInitialDyadic (3.0s)
✔ [9195/9236] Built OAI.MeasureTheory.Falconer.Estimates.ScalarClusterWeights (3.3s)
✔ [9196/9236] Built OAI.MeasureTheory.Falconer.Incidence.TruncatedBlockBall (5.9s)
✔ [9197/9236] Built OAI.MeasureTheory.Falconer.Estimates.ScalarLogAverages (3.2s)
✔ [9198/9236] Built OAI.MeasureTheory.Falconer.Measures.ScalarTaggedPruning (3.1s)
✔ [9199/9236] Built OAI.MeasureTheory.Falconer.Estimates.ScalarBinaryGeometric (3.6s)
✔ [9200/9242] Built OAI.MeasureTheory.Falconer.Estimates.ScalarInitialPathChildren (2.0s)
✔ [9201/9242] Built OAI.MeasureTheory.Falconer.Estimates.ScalarTreeAmplification (2.9s)
✔ [9202/9242] Built OAI.MeasureTheory.Falconer.Estimates.ScalarTaggedPrefix (3.2s)
✔ [9203/9242] Built OAI.MeasureTheory.Falconer.Estimates.ScalarSumsetPacking (3.0s)
✔ [9204/9242] Built OAI.MeasureTheory.Falconer.Estimates.ScalarPorousLevel (3.5s)
✔ [9205/9244] Built OAI.MeasureTheory.Falconer.Incidence.TruncatedBlockCover (5.6s)
✔ [9206/9248] Built OAI.MeasureTheory.Falconer.Estimates.ScalarChildChoice (3.1s)
✔ [9207/9248] Built OAI.MeasureTheory.Falconer.Geometry.ScalarGridFibers (3.2s)
✔ [9208/9266] Built OAI.MeasureTheory.Falconer.Estimates.ScalarSeparatedTree (3.2s)
✔ [9209/9266] Built OAI.MeasureTheory.Falconer.Incidence.ScalarBlockPruning (3.1s)
✔ [9210/9266] Built OAI.MeasureTheory.Falconer.Estimates.ScalarReverseWeights (3.2s)
✔ [9211/9275] Built OAI.MeasureTheory.Falconer.Recursion.RetainedProfileBounds (5.8s)
✔ [9212/9275] Built OAI.MeasureTheory.Falconer.Geometry.ScalarGridGrouping (3.1s)
✔ [9213/9275] Built OAI.MeasureTheory.Falconer.Recursion.ScalarBranchingLevel (3.0s)
✔ [9214/9275] Built OAI.MeasureTheory.Falconer.Geometry.ScalarGroupGeometry (8.1s)
✔ [9215/9275] Built OAI.MeasureTheory.Falconer.Geometry.EndpointMidscaleCover (5.0s)
✔ [9216/9275] Built OAI.MeasureTheory.Falconer.Incidence.NormalProfileIncidence (6.1s)
✔ [9217/9275] Built OAI.MeasureTheory.Falconer.Estimates.ScalarSignedRuzsa (3.3s)
✔ [9218/9275] Built OAI.MeasureTheory.Falconer.Estimates.QuarterEndpointMap (6.3s)
✔ [9219/9275] Built OAI.MeasureTheory.Falconer.Estimates.ScalarPairGrouping (3.1s)
✔ [9220/9275] Built OAI.MeasureTheory.Falconer.Geometry.ScalarForkGeometry (3.5s)
✔ [9221/9275] Built OAI.MeasureTheory.Falconer.Estimates.ScalarGroupOverlap (3.2s)
✔ [9222/9275] Built OAI.MeasureTheory.Falconer.Estimates.ScalarSubsetTransfer (3.5s)
✔ [9223/9275] Built OAI.MeasureTheory.Falconer.Estimates.ScalarDenseGroup (3.2s)
✔ [9224/9275] Built OAI.MeasureTheory.Falconer.Geometry.ScalarGroupReverseGeometry (8.4s)
✔ [9225/9275] Built OAI.MeasureTheory.Falconer.Recursion.ParentProfileBounds (5.8s)
✔ [9226/9275] Built OAI.MeasureTheory.Falconer.Estimates.EndpointCoarsening (5.9s)
✔ [9227/9275] Built OAI.MeasureTheory.Falconer.Estimates.ScalarSelectedForks (3.1s)
✔ [9228/9287] Built OAI.MeasureTheory.Falconer.Estimates.ScalarGroupedWeights (3.1s)
✔ [9229/9287] Built OAI.MeasureTheory.Falconer.Estimates.ScalarGroupReverseOverlap (3.0s)
✔ [9230/9287] Built OAI.MeasureTheory.Falconer.Estimates.ScalarPathNodes (3.0s)
✔ [9231/9289] Built OAI.MeasureTheory.Falconer.Estimates.ScalarForkSumset (2.0s)
✔ [9232/9289] Built OAI.MeasureTheory.Falconer.Estimates.EndpointSelectionLift (5.6s)
✔ [9233/9289] Built OAI.MeasureTheory.Falconer.Estimates.EndpointScaleInputs (5.8s)
✔ [9234/9309] Built OAI.MeasureTheory.Falconer.Estimates.ScalarSeparatedPathTree (3.1s)
✔ [9235/9309] Built OAI.MeasureTheory.Falconer.Estimates.ScalarReverseGroupedWeights (3.3s)
✔ [9236/9309] Built OAI.MeasureTheory.Falconer.Estimates.ScalarGroupedGain (4.5s)
✔ [9237/9309] Built OAI.MeasureTheory.Falconer.Estimates.ScalarPrefixTruncation (3.0s)
✔ [9238/9312] Built OAI.MeasureTheory.Falconer.Estimates.ScalarNonporousPowers (3.1s)
✔ [9239/9312] Built OAI.MeasureTheory.Falconer.Estimates.RefinedEndpointSelection (5.0s)
✔ [9240/9312] Built OAI.MeasureTheory.Falconer.Measures.EndpointScaleProduct (5.9s)
✔ [9241/9312] Built OAI.MeasureTheory.Falconer.Estimates.ScalarReverseGroupedGain (4.7s)
✔ [9242/9312] Built OAI.MeasureTheory.Falconer.Estimates.ScalarGroupedHalfGain (4.2s)
✔ [9243/9312] Built OAI.MeasureTheory.Falconer.Measures.ScalarPruningPreservation (3.1s)
✔ [9244/9312] Built OAI.MeasureTheory.Falconer.Estimates.ScalarGroupedPaths (3.6s)
✔ [9245/9312] Built OAI.MeasureTheory.Falconer.Estimates.ScalarNonporousGrowth (3.6s)
✔ [9246/9315] Built OAI.MeasureTheory.Falconer.Recursion.ScalarTerminalFiberMass (2.9s)
✔ [9247/9315] Built OAI.MeasureTheory.Falconer.Estimates.ParentRefinedEndpointSelection (5.6s)
✔ [9248/9330] Built OAI.MeasureTheory.Falconer.Measures.ScalarSingleChildPruning (3.4s)
✔ [9249/9330] Built OAI.MeasureTheory.Falconer.Estimates.ScalarReverseGroupedHalfGain (3.9s)
✔ [9250/9335] Built OAI.MeasureTheory.Falconer.Estimates.ScalarNonporousDoubling (2.0s)
✔ [9251/9335] Built OAI.MeasureTheory.Falconer.Estimates.ScalarTreeUniformization (2.6s)
✔ [9252/9335] Built OAI.MeasureTheory.Falconer.Estimates.ScalarPathLevel (3.3s)
✔ [9253/9335] Built OAI.MeasureTheory.Falconer.Estimates.ScalarPorousGroupingGain (3.6s)
✔ [9254/9335] Built OAI.MeasureTheory.Falconer.Estimates.ScalarInitialRegularization (3.2s)
✔ [9255/9335] Built OAI.MeasureTheory.Falconer.Geometry.PlanarGridRegularity (3.6s)
✔ [9256/9335] Built OAI.MeasureTheory.Falconer.Estimates.ScalarLevelEnumeration (3.1s)
✔ [9257/9335] Built OAI.MeasureTheory.Falconer.Graphs.CoordinateGraph (3.4s)
✔ [9258/9337] Built OAI.MeasureTheory.Falconer.Estimates.ScalarSingletonFibers (2.0s)
✔ [9259/9341] Built OAI.MeasureTheory.Falconer.Estimates.ScalarUniformTrim (3.0s)
✔ [9260/9341] Built OAI.MeasureTheory.Falconer.Estimates.ScalarForwardRegularization (2.0s)
✔ [9261/9346] Built OAI.MeasureTheory.Falconer.Estimates.ScalarGroupedTreeGain (3.5s)
✔ [9262/9346] Built OAI.MeasureTheory.Falconer.Estimates.FiniteFamilyOverlap (3.3s)
✔ [9263/9346] Built OAI.MeasureTheory.Falconer.Estimates.ScalarRatioTransfer (3.1s)
✔ [9264/9347] Built OAI.MeasureTheory.Falconer.Estimates.ScalarScaledCard (2.0s)
✔ [9265/9347] Built OAI.MeasureTheory.Falconer.Estimates.ScalarBunchingSuffix (3.8s)
✔ [9266/9354] Built OAI.MeasureTheory.Falconer.Estimates.ScalarDifferenceDoubling (3.1s)
✔ [9267/9354] Built OAI.MeasureTheory.Falconer.Geometry.CommonRectangles (3.5s)
✔ [9268/9354] Built OAI.MeasureTheory.Falconer.Estimates.ScalarRatioCard (3.6s)
✔ [9269/9354] Built OAI.MeasureTheory.Falconer.Graphs.ScalarGraphCoding (3.0s)
✔ [9270/9354] Built OAI.MeasureTheory.Falconer.Recursion.ScalarBunchingLedger (3.3s)
✔ [9271/9364] Built OAI.MeasureTheory.Falconer.Geometry.ScalarProjectionDoubling (3.4s)
✔ [9272/9364] Built OAI.MeasureTheory.Falconer.Geometry.IntegerFivePaths (3.2s)
✔ [9273/9370] Built OAI.MeasureTheory.Falconer.Geometry.CommonRatioProjections (3.4s)
✔ [9274/9370] Built OAI.MeasureTheory.Falconer.Estimates.ScalarBunchingTotals (3.4s)
✔ [9275/9386] Built OAI.MeasureTheory.Falconer.Geometry.ScalarMaxRatioProjection (5.1s)
✔ [9276/9389] Built OAI.MeasureTheory.Falconer.Estimates.ScalarBunchTransfer (3.0s)
✔ [9277/9391] Built OAI.MeasureTheory.Falconer.Geometry.CommonNormalizedProjections (4.1s)
✔ [9278/9393] Built OAI.MeasureTheory.Falconer.Geometry.IntegerMixedRefinement (6.1s)
✔ [9279/9393] Built OAI.MeasureTheory.Falconer.Geometry.ProjectionRatioGeometry (3.3s)
✔ [9280/9393] Built OAI.MeasureTheory.Falconer.Measures.ScalarBunchPruning (3.0s)
✔ [9281/9393] Built OAI.MeasureTheory.Falconer.Geometry.UnbalancedRatioNormalization (3.3s)
✔ [9282/9398] Built OAI.MeasureTheory.Falconer.Estimates.ScalarMixedRefinement (4.7s)
✔ [9283/9398] Built OAI.MeasureTheory.Falconer.Geometry.ProjectionRatioRegularity (3.3s)
✔ [9284/9398] Built OAI.MeasureTheory.Falconer.Geometry.ProjectionRatioBounds (2.0s)
✔ [9285/9398] Built OAI.MeasureTheory.Falconer.Estimates.ScalarBunchTree (3.2s)
✔ [9286/9401] Built OAI.MeasureTheory.Falconer.Slicing.CommonSliceSelection (3.1s)
✔ [9287/9401] Built OAI.MeasureTheory.Falconer.Estimates.ScalarDilatedRefinement (3.2s)
✔ [9288/9406] Built OAI.MeasureTheory.Falconer.Geometry.CommonUnbalancedProjections (3.9s)
✔ [9289/9406] Built OAI.MeasureTheory.Falconer.Geometry.ScalarSmallSumCover (3.2s)
✔ [9290/9406] Built OAI.MeasureTheory.Falconer.Estimates.ScalarCompressedLevels (3.0s)
✔ [9291/9406] Built OAI.MeasureTheory.Falconer.Estimates.PopularRegularity (3.1s)
✔ [9292/9410] Built OAI.MeasureTheory.Falconer.Geometry.SeparatedProjectionBases (4.7s)
✔ [9293/9410] Built OAI.MeasureTheory.Falconer.Estimates.ScalarWeakRefinement (6.4s)
✔ [9294/9410] Built OAI.MeasureTheory.Falconer.Geometry.RowTubeBalls (3.4s)
✔ [9295/9410] Built OAI.MeasureTheory.Falconer.Graphs.GraphDensity (4.5s)
✔ [9296/9410] Built OAI.MeasureTheory.Falconer.Estimates.ScalarCompressedBunching (3.4s)
✔ [9297/9416] Built OAI.MeasureTheory.Falconer.Geometry.CommonProjectionConfiguration (3.5s)
✔ [9298/9416] Built OAI.MeasureTheory.Falconer.Estimates.CommonRegularFamily (3.8s)
✔ [9299/9416] Built OAI.MeasureTheory.Falconer.Estimates.RowRegularity (3.7s)
✔ [9300/9416] Built OAI.MeasureTheory.Falconer.Geometry.ScalarBunchGeometry (3.7s)
✔ [9301/9416] Built OAI.MeasureTheory.Falconer.Graphs.GraphScalarRegularity (4.6s)
✔ [9302/9416] Built OAI.MeasureTheory.Falconer.Estimates.ScalarUnbalancedRefinement (7.1s)
✔ [9303/9416] Built OAI.MeasureTheory.Falconer.Geometry.CommonProjectionLosses (4.2s)
✔ [9304/9416] Built OAI.MeasureTheory.Falconer.Estimates.SampledRowCardinality (2.7s)
✔ [9305/9416] Built OAI.MeasureTheory.Falconer.Estimates.DirectedPacketRows (3.3s)
✔ [9306/9418] Built OAI.MeasureTheory.Falconer.Geometry.CommonSmallProjections (2.0s)
✔ [9307/9418] Built OAI.MeasureTheory.Falconer.Measures.ScalarBunchProducts (2.0s)
✔ [9308/9418] Built OAI.MeasureTheory.Falconer.Estimates.CommonUnbalancedReference (3.5s)
✔ [9309/9421] Built OAI.MeasureTheory.Falconer.Estimates.CommonRegularReference (3.5s)
✔ [9310/9421] Built OAI.MeasureTheory.Falconer.Measures.ProductProjectionReduction (3.2s)
✔ [9311/9421] Built OAI.MeasureTheory.Falconer.Estimates.DirectedSampledRows (3.4s)
✔ [9312/9425] Built OAI.MeasureTheory.Falconer.Geometry.ProjectionPowerBudget (3.5s)
✔ [9313/9425] Built OAI.MeasureTheory.Falconer.Estimates.ScalarBunchSizes (3.4s)
✔ [9314/9427] Built OAI.MeasureTheory.Falconer.Geometry.ScalarBunchProjection (3.7s)
✔ [9315/9428] Built OAI.MeasureTheory.Falconer.Estimates.PacketParameterBounds (3.9s)
✔ [9316/9429] Built OAI.MeasureTheory.Falconer.Estimates.PacketPolynomialLoss (3.6s)
✔ [9317/9429] Built OAI.MeasureTheory.Falconer.Estimates.ScalarBunchMargins (2.9s)
✔ [9318/9429] Built OAI.MeasureTheory.Falconer.Incidence.FrozenPacketUpper (4.3s)
✔ [9319/9429] Built OAI.MeasureTheory.Falconer.Estimates.FiberRegularityBudget (4.0s)
✔ [9320/9429] Built OAI.MeasureTheory.Falconer.Estimates.PacketCardinalityScales (3.7s)
✔ [9321/9431] Built OAI.MeasureTheory.Falconer.Estimates.PacketSamplingBudget (3.6s)
✔ [9322/9433] Built OAI.MeasureTheory.Falconer.Recursion.RegularPacketScaleBudget (3.7s)
✔ [9323/9433] Built OAI.MeasureTheory.Falconer.Estimates.PacketGrowthGap (3.7s)
✔ [9324/9438] Built OAI.MeasureTheory.Falconer.Estimates.CoarseFreezingBudget (4.0s)
✔ [9325/9444] Built OAI.MeasureTheory.Falconer.Estimates.ScalarBunchBudget (4.0s)
✔ [9326/9444] Built OAI.MeasureTheory.Falconer.Estimates.PacketLogBounds (3.4s)
✔ [9327/9444] Built OAI.MeasureTheory.Falconer.Incidence.CoarsePacketParameters (4.9s)
✔ [9328/9445] Built OAI.MeasureTheory.Falconer.Incidence.UniformSmallCoverPencils (3.4s)
✔ [9329/9445] Built OAI.MeasureTheory.Falconer.Estimates.ScalarGreedyPorousGain (3.2s)
✔ [9330/9445] Built OAI.MeasureTheory.Falconer.Estimates.SmallUnionLogs (3.3s)
✔ [9331/9448] Built OAI.MeasureTheory.Falconer.Incidence.QuarterPencilGeometry (3.6s)
✔ [9332/9448] Built OAI.MeasureTheory.Falconer.Geometry.ChartGainBudget (3.4s)
✔ [9333/9448] Built OAI.MeasureTheory.Falconer.Estimates.UniformPacketBounds (4.1s)
✔ [9334/9448] Built OAI.MeasureTheory.Falconer.Recursion.ScalarTerminalPruning (2.9s)
✔ [9335/9450] Built OAI.MeasureTheory.Falconer.Incidence.InterpolatedPencilGain (4.4s)
✔ [9336/9452] Built OAI.MeasureTheory.Falconer.Recursion.ScalarTerminalPorousGain (3.3s)
✔ [9337/9455] Built OAI.MeasureTheory.Falconer.Geometry.QuarterCoarseCover (3.4s)
✔ [9338/9455] Built OAI.MeasureTheory.Falconer.Estimates.ScalarPrefixNonconcentration (3.3s)
✔ [9339/9455] Built OAI.MeasureTheory.Falconer.Geometry.NormalizedGainBudget (4.2s)
✔ [9340/9458] Built OAI.MeasureTheory.Falconer.Estimates.PlanarSquash (4.7s)
✔ [9341/9458] Built OAI.MeasureTheory.Falconer.Estimates.SeparatedThinning (2.9s)
✔ [9342/9458] Built OAI.MeasureTheory.Falconer.Estimates.ScalarPorousLevels (3.4s)
✔ [9343/9458] Built OAI.MeasureTheory.Falconer.Incidence.QuarterPencils (3.3s)
✔ [9344/9458] Built OAI.MeasureTheory.Falconer.Estimates.ScalarPrefixEntropy (3.4s)
✔ [9345/9463] Built OAI.MeasureTheory.Falconer.Estimates.SquashGainBudget (3.6s)
✔ [9346/9466] Built OAI.MeasureTheory.Falconer.Incidence.PencilGainAlgebra (3.6s)
✔ [9347/9466] Built OAI.MeasureTheory.Falconer.Geometry.SquashCover (3.5s)
✔ [9348/9466] Built OAI.MeasureTheory.Falconer.Estimates.ScalarPorousEndpoints (3.4s)
✔ [9349/9466] Built OAI.MeasureTheory.Falconer.Geometry.ScalarBunchNetGain (3.0s)
✔ [9350/9466] Built OAI.MeasureTheory.Falconer.Recursion.UniformScaleBudgets (4.8s)
✔ [9351/9466] Built OAI.MeasureTheory.Falconer.Incidence.ProfileBlockBudget (3.8s)
✔ [9352/9466] Built OAI.MeasureTheory.Falconer.Estimates.DyadicPolynomialBudget (3.7s)
✔ [9353/9466] Built OAI.MeasureTheory.Falconer.Estimates.ScalarNonporousTail (3.2s)
✔ [9354/9473] Built OAI.MeasureTheory.Falconer.Incidence.SquashedPencils (3.9s)
✔ [9355/9473] Built OAI.MeasureTheory.Falconer.Incidence.IncidenceProductChain (3.3s)
✔ [9356/9480] Built OAI.MeasureTheory.Falconer.Estimates.ScalarActualPorousGain (3.3s)
✔ [9357/9481] Built OAI.MeasureTheory.Falconer.Recursion.OrderedProfileIntervals (3.1s)
✔ [9358/9481] Built OAI.MeasureTheory.Falconer.Recursion.ProfileEndpointStability (3.3s)
✔ [9359/9481] Built OAI.MeasureTheory.Falconer.Recursion.ProfileStepBudget (4.5s)
✔ [9360/9481] Built OAI.MeasureTheory.Falconer.Recursion.ProfileRestriction (3.2s)
✔ [9361/9483] Built OAI.MeasureTheory.Falconer.Recursion.ProfilePrefix (3.3s)
✔ [9362/9501] Built OAI.MeasureTheory.Falconer.Recursion.ProfileChordBounds (3.3s)
✔ [9363/9501] Built OAI.MeasureTheory.Falconer.Estimates.ScalarNonporousEntropy (4.5s)
✔ [9364/9509] Built OAI.MeasureTheory.Falconer.Recursion.InnerProfileGrid (3.2s)
✔ [9365/9509] Built OAI.MeasureTheory.Falconer.Recursion.ProfileCellFamily (3.1s)
✔ [9366/9511] Built OAI.MeasureTheory.Falconer.Recursion.ProfileBetweenNodes (3.3s)
✔ [9367/9513] Built OAI.MeasureTheory.Falconer.Estimates.ScalarNonporousFraction (2.0s)
✔ [9368/9513] Built OAI.MeasureTheory.Falconer.Recursion.ProfileGridCells (3.0s)
✔ [9369/9513] Built OAI.MeasureTheory.Falconer.Recursion.ProfileHighMass (3.0s)
✔ [9370/9514] Built OAI.MeasureTheory.Falconer.Recursion.ProfileLowerBound (3.4s)
✔ [9371/9514] Built OAI.MeasureTheory.Falconer.Recursion.ProfileMergeStep (4.3s)
✔ [9372/9514] Built OAI.MeasureTheory.Falconer.Recursion.ScalarTerminalProjection (2.9s)
✔ [9373/9514] Built OAI.MeasureTheory.Falconer.Recursion.RoundedProfileError (2.9s)
✔ [9374/9514] Built OAI.MeasureTheory.Falconer.Incidence.LeafPrefixPower (5.4s)
✔ [9375/9514] Built OAI.MeasureTheory.Falconer.Incidence.LeafCenterIncidence (6.1s)
✔ [9376/9515] Built OAI.MeasureTheory.Falconer.Fourier.ProfileMergeCutoff (2.9s)
✔ [9377/9515] Built OAI.MeasureTheory.Falconer.Estimates.ScaleThinning (2.9s)
✔ [9378/9515] Built OAI.MeasureTheory.Falconer.Estimates.ScalarClusterTree (3.3s)
✔ [9379/9515] Built OAI.MeasureTheory.Falconer.Geometry.RelativeGridError (3.3s)
✔ [9380/9515] Built OAI.MeasureTheory.Falconer.Angular.SphereNormalization (2.7s)
✔ [9381/9515] Built OAI.MeasureTheory.Falconer.Estimates.ScalarClusterGain (3.7s)
✔ [9382/9516] Built OAI.MeasureTheory.Falconer.Recursion.RoundedHighProfile (3.6s)
✔ [9383/9516] Built OAI.MeasureTheory.Falconer.Recursion.RoundedProfilePieces (3.6s)
✔ [9384/9516] Built OAI.MeasureTheory.Falconer.Recursion.ProfileMerging (7.2s)
✔ [9385/9523] Built OAI.MeasureTheory.Falconer.Angular.SphereRotations (3.0s)
✔ [9386/9523] Built OAI.MeasureTheory.Falconer.Estimates.ScalarClusterPathTree (3.2s)
✔ [9387/9523] Built OAI.MeasureTheory.Falconer.Recursion.RoundedProfileGain (3.4s)
✔ [9388/9524] Built OAI.MeasureTheory.Falconer.Incidence.BlockGrid (3.2s)
✔ [9389/9527] Built OAI.MeasureTheory.Falconer.Geometry.NonstationaryGeometry (2.0s)
✔ [9390/9527] Built OAI.MeasureTheory.Falconer.Recursion.ProfileDecomposition (3.8s)
✔ [9391/9527] Built OAI.MeasureTheory.Falconer.Estimates.ScalarClusterBunching (3.3s)
✔ [9392/9527] Built OAI.MeasureTheory.Falconer.Slicing.GaussianBand (3.2s)
✔ [9393/9527] Built OAI.MeasureTheory.Falconer.Angular.AngularChart (3.3s)
✔ [9394/9527] Built OAI.MeasureTheory.Falconer.Angular.ProjectedDirections (2.6s)
✔ [9395/9534] Built OAI.MeasureTheory.Falconer.Recursion.ProfileScaleSelection (3.1s)
✔ [9396/9534] Built OAI.MeasureTheory.Falconer.Estimates.ScalarBunchClusterTree (3.0s)
✔ [9397/9534] Built OAI.MeasureTheory.Falconer.Recursion.Potential (2.4s)
✔ [9398/9543] Built OAI.MeasureTheory.Falconer.Geometry.ChartGeometry (3.6s)
✔ [9399/9543] Built OAI.MeasureTheory.Falconer.Slicing.SliceGeometry (4.4s)
✔ [9400/9543] Built OAI.MeasureTheory.Falconer.Recursion.Ledger (2.5s)
✔ [9401/9543] Built OAI.MeasureTheory.Falconer.Geometry.ScalarClusterProjection (4.4s)
✔ [9402/9543] Built OAI.MeasureTheory.Falconer.Fourier.ChartDerivatives (3.6s)
✔ [9403/9543] Built OAI.MeasureTheory.Falconer.Estimates.Assembly (3.3s)
✔ [9404/9543] Built OAI.MeasureTheory.Falconer.Slicing.GaussianProjection (4.2s)
✔ [9405/9543] Built OAI.MeasureTheory.Falconer.Measures.WeakLimit (5.8s)
✔ [9406/9543] Built OAI.MeasureTheory.Falconer.Estimates.ScalarClusterPorousGain (3.5s)
✔ [9407/9543] Built OAI.MeasureTheory.Falconer.Angular.GnomonicChart (3.1s)
✔ [9408/9543] Built OAI.MeasureTheory.Falconer.Recursion.Entry (3.8s)
✔ [9409/9543] Built OAI.MeasureTheory.Falconer.Estimates.ScalarActualClusterGain (3.4s)
✔ [9410/9543] Built OAI.MeasureTheory.Falconer.Estimates.TripleGram (3.2s)
✔ [9411/9543] Built OAI.MeasureTheory.Falconer.Graphs.GraphNormalization (2.7s)
✔ [9412/9543] Built OAI.MeasureTheory.Falconer.Frostman.Frostman (6.3s)
✔ [9413/9543] Built OAI.MeasureTheory.Falconer.Recursion.ScalarBranchAccounting (3.2s)
✔ [9414/9572] Built OAI.MeasureTheory.Falconer.Fourier.MatrixCofactorBound (2.9s)
✔ [9415/9572] Built OAI.MeasureTheory.Falconer.Angular.AllDimensionalAngularProfileSum (3.2s)
✔ [9416/9572] Built OAI.MeasureTheory.Falconer.Estimates.ScalarBunchedPrefix (3.3s)
✔ [9417/9573] Built OAI.MeasureTheory.Falconer.Measures.FiniteLpIntegral (2.9s)
✔ [9418/9573] Built OAI.MeasureTheory.Falconer.Graphs.Energy (6.4s)
✔ [9419/9573] Built OAI.MeasureTheory.Falconer.Fourier.SymbolProductBounds (2.8s)
✔ [9420/9574] Built OAI.MeasureTheory.Falconer.Measures.ConditionalFrostman (6.4s)
✔ [9421/9574] Built OAI.MeasureTheory.Falconer.Estimates.ScalarPorousGrowth (7.9s)
✔ [9422/9574] Built OAI.MeasureTheory.Falconer.Radial.RadialPreparation (7.1s)
✔ [9423/9578] Built OAI.MeasureTheory.Falconer.Angular.AngularStripIntervals (4.5s)
✔ [9424/9583] Built OAI.MeasureTheory.Falconer.Fourier.GaussianRepresentation (6.6s)
✔ [9425/9583] Built OAI.MeasureTheory.Falconer.Estimates.ScalarRegularizedGrowth (5.4s)
✔ [9426/9586] Built OAI.MeasureTheory.Falconer.Recursion.PrefixCounting (5.9s)
✔ [9427/9586] Built OAI.MeasureTheory.Falconer.Radial.RadialContinuity (7.1s)
✔ [9428/9586] Built OAI.MeasureTheory.Falconer.Fourier.MellinGaussian (6.4s)
✔ [9429/9590] Built OAI.MeasureTheory.Falconer.Estimates.ScalarBinaryParameters (4.0s)
✔ [9430/9591] Built OAI.MeasureTheory.Falconer.Fourier.FourierPairing (7.3s)
✔ [9431/9591] Built OAI.MeasureTheory.Falconer.Recursion.PrefixMass (5.7s)
✔ [9432/9591] Built OAI.MeasureTheory.Falconer.Recursion.BlockLeafCounts (5.8s)
✔ [9433/9593] Built OAI.MeasureTheory.Falconer.Estimates.ScalarRegularizationBudget (3.5s)
✔ [9434/9593] Built OAI.MeasureTheory.Falconer.Geometry.ScalarNonporousCover (3.2s)
✔ [9435/9593] Built OAI.MeasureTheory.Falconer.Geometry.ScaledDyadicPacking (6.1s)
✔ [9436/9593] Built OAI.MeasureTheory.Falconer.Graphs.GraphGeometry (6.9s)
✔ [9437/9593] Built OAI.MeasureTheory.Falconer.Fourier.FourierLebesgue (7.8s)
✔ [9438/9598] Built OAI.MeasureTheory.Falconer.Estimates.RegularizedMass (7.6s)
✔ [9439/9598] Built OAI.MeasureTheory.Falconer.Estimates.ProfileInterpolation (7.4s)
✔ [9440/9598] Built OAI.MeasureTheory.Falconer.Geometry.DyadicInverseDistance (1.9s)
✔ [9441/9598] Built OAI.MeasureTheory.Falconer.Estimates.ScalarParameterChoice (7.3s)
✔ [9442/9598] Built OAI.MeasureTheory.Falconer.Geometry.ScalarGrowthOfCover (4.2s)
✔ [9443/9598] Built OAI.MeasureTheory.Falconer.Geometry.DyadicCenterSeparation (6.2s)
✔ [9444/9598] Built OAI.MeasureTheory.Falconer.Estimates.OccupiedPacking (5.5s)
✔ [9445/9598] Built OAI.MeasureTheory.Falconer.Slicing.GaussianMass (6.5s)
✔ [9446/9600] Built OAI.MeasureTheory.Falconer.Fourier.FourierEnergy (6.8s)
✔ [9447/9600] Built OAI.MeasureTheory.Falconer.Estimates.OccupiedClasses (5.8s)
✔ [9448/9600] Built OAI.MeasureTheory.Falconer.Estimates.ClassPruning (6.2s)
✔ [9449/9600] Built OAI.MeasureTheory.Falconer.Estimates.ScalarLossAbsorption (3.0s)
✔ [9450/9600] Built OAI.MeasureTheory.Falconer.Measures.ScalarSubsetMass (3.3s)
✔ [9451/9600] Built OAI.MeasureTheory.Falconer.Geometry.ProfileGrid (6.0s)
✔ [9452/9600] Built OAI.MeasureTheory.Falconer.Slicing.GaussianEnergy (6.8s)
✔ [9453/9606] Built OAI.MeasureTheory.Falconer.Fourier.FourierConvolution (5.9s)
✔ [9454/9606] Built OAI.MeasureTheory.Falconer.Graphs.FiberEnergy (5.0s)
✔ [9455/9606] Built OAI.MeasureTheory.Falconer.Graphs.FiberPairing (8.5s)
✔ [9456/9606] Built OAI.MeasureTheory.Falconer.Estimates.ScalarInitialGrowth (3.2s)
✔ [9457/9606] Built OAI.MeasureTheory.Falconer.Angular.AngularIntegrability (6.2s)
✔ [9458/9609] Built OAI.MeasureTheory.Falconer.Estimates.RegularizationSubpower (5.8s)
✔ [9459/9609] Built OAI.MeasureTheory.Falconer.Measures.ScalarDensityMassControl (3.5s)
✔ [9460/9609] Built OAI.MeasureTheory.Falconer.Estimates.IntermediateProfiles (5.8s)
✔ [9461/9609] Built OAI.MeasureTheory.Falconer.Estimates.ScalarSumsetLogBound (3.5s)
✔ [9462/9615] Built OAI.MeasureTheory.Falconer.Slicing.GaussianLocalization (6.6s)
✔ [9463/9615] Built OAI.MeasureTheory.Falconer.Graphs.FiberTrace (6.4s)
✔ [9464/9615] Built OAI.MeasureTheory.Falconer.Angular.SmoothAngleMask (2.9s)
✔ [9465/9615] Built OAI.MeasureTheory.Falconer.Shells.ScalarPositiveZoom (3.4s)
✔ [9466/9624] Built OAI.MeasureTheory.Falconer.Radial.ProjectionEnergy (6.2s)
✔ [9467/9624] Built OAI.MeasureTheory.Falconer.Estimates.ProfileAffine (5.7s)
✔ [9468/9624] Built OAI.MeasureTheory.Falconer.Incidence.ScalarWeakBlockProjection (4.4s)
✔ [9469/9624] Built OAI.MeasureTheory.Falconer.Estimates.ProfileEnvelopes (5.9s)
✔ [9470/9624] Built OAI.MeasureTheory.Falconer.Angular.AngleBumpScaling (2.6s)
✔ [9471/9627] Built OAI.MeasureTheory.Falconer.Measures.BoundedDualDensity (5.5s)
✔ [9472/9627] Built OAI.MeasureTheory.Falconer.Angular.AngleMaskPeriodicity (2.5s)
✔ [9473/9627] Built OAI.MeasureTheory.Falconer.Measures.ScalarSmallZoomMass (3.1s)
✔ [9474/9627] Built OAI.MeasureTheory.Falconer.Recursion.InteriorPolicy (2.3s)
✔ [9475/9627] Built OAI.MeasureTheory.Falconer.Fourier.FourierSlice (5.5s)
✔ [9476/9627] Built OAI.MeasureTheory.Falconer.Angular.AngleMaskDerivatives (2.9s)
✔ [9477/9627] Built OAI.MeasureTheory.Falconer.Frostman.FrostmanProfileCells (5.5s)
✔ [9478/9646] Built OAI.MeasureTheory.Falconer.Estimates.ProfilePacking (5.4s)
✔ [9479/9646] Built OAI.MeasureTheory.Falconer.Recursion.PolicyInteriorInterval (1.8s)
✔ [9480/9646] Built OAI.MeasureTheory.Falconer.Geometry.ScalarNormalizedCoefficients (3.2s)
✔ [9481/9646] Built OAI.MeasureTheory.Falconer.Fourier.QuadraticGaussianPairing (3.0s)
✔ [9482/9646] Built OAI.MeasureTheory.Falconer.Estimates.ActualRegularizedClasses (6.5s)
✔ [9483/9646] Built OAI.MeasureTheory.Falconer.Angular.ActualAngularTests (6.0s)
✔ [9484/9646] Built OAI.MeasureTheory.Falconer.Recursion.PolicyDescriptors (3.9s)
✔ [9485/9652] Built OAI.MeasureTheory.Falconer.Estimates.SliceAverage (10s)
✔ [9486/9653] Built OAI.MeasureTheory.Falconer.Estimates.ScalarCoefficientExpressions (3.7s)
✔ [9487/9656] Built OAI.MeasureTheory.Falconer.Fourier.QuadraticKernelBounds (3.2s)
✔ [9488/9656] Built OAI.MeasureTheory.Falconer.Slicing.GaussianOrthogonal (3.1s)
✔ [9489/9658] Built OAI.MeasureTheory.Falconer.Angular.AngularTubes (3.3s)
✔ [9490/9669] Built OAI.MeasureTheory.Falconer.Geometry.ScalarRationalProjection (3.2s)
✔ [9491/9669] Built OAI.MeasureTheory.Falconer.Estimates.QuadraticDampingLimit (3.5s)
✔ [9492/9669] Built OAI.MeasureTheory.Falconer.Slicing.GaussianPairGeometry (3.1s)
✔ [9493/9673] Built OAI.MeasureTheory.Falconer.Estimates.ScalarDivideCoefficient (3.5s)
✔ [9494/9673] Built OAI.MeasureTheory.Falconer.Radial.ProjectionDensity (8.2s)
✔ [9495/9673] Built OAI.MeasureTheory.Falconer.Recursion.PotentialPair (3.1s)
✔ [9496/9673] Built OAI.MeasureTheory.Falconer.Geometry.PiCoordinateSections (2.0s)
✔ [9497/9677] Built OAI.MeasureTheory.Falconer.Geometry.ScalarNormalizedProjection (6.7s)
✔ [9498/9677] Built OAI.MeasureTheory.Falconer.Angular.QuadraticStationaryIdentity (2.8s)
✔ [9499/9677] Built OAI.MeasureTheory.Falconer.Slicing.GaussianPairBand (3.5s)
✔ [9500/9677] Built OAI.MeasureTheory.Falconer.Measures.ScalarDensityInverse (3.0s)
✔ [9501/9677] Built OAI.MeasureTheory.Falconer.Estimates.ScalarCoefficientLogBudget (3.2s)
✔ [9502/9677] Built OAI.MeasureTheory.Falconer.Angular.AngularBootstrap (2.4s)
✔ [9503/9677] Built OAI.MeasureTheory.Falconer.Fourier.FiberSchwartz (6.2s)
✔ [9504/9677] Built OAI.MeasureTheory.Falconer.Radial.RadialDensity (8.2s)
✔ [9505/9677] Built OAI.MeasureTheory.Falconer.Slicing.GaussianRows (3.6s)
✔ [9506/9677] Built OAI.MeasureTheory.Falconer.Geometry.ScalarNormalizedLogBudget (3.5s)
✔ [9507/9677] Built OAI.MeasureTheory.Falconer.Estimates.Availability (3.2s)
✔ [9508/9682] Built OAI.MeasureTheory.Falconer.Slicing.GaussianBandLower (3.0s)
✔ [9509/9682] Built OAI.MeasureTheory.Falconer.Slicing.GaussianSliceMoment (3.9s)
✔ [9510/9682] Built OAI.MeasureTheory.Falconer.Graphs.FiberSlice (5.0s)
✔ [9511/9682] Built OAI.MeasureTheory.Falconer.Slicing.GaussianVectorBand (3.2s)
✔ [9512/9685] Built OAI.MeasureTheory.Falconer.Geometry.ScalarNormalizationCost (3.4s)
✔ [9513/9685] Built OAI.MeasureTheory.Falconer.Measures.StartingMeasures (3.4s)
✔ [9514/9685] Built OAI.MeasureTheory.Falconer.Slicing.GaussianSliceMean (3.6s)
✔ [9515/9689] Built OAI.MeasureTheory.Falconer.Slicing.GaussianSliceBound (3.8s)
✔ [9516/9689] Built OAI.MeasureTheory.Falconer.Slicing.GaussianSliceMass (3.2s)
✔ [9517/9697] Built OAI.MeasureTheory.Falconer.Fourier.SmoothKernel (6.2s)
✔ [9518/9697] Built OAI.MeasureTheory.Falconer.Geometry.EuclideanRieszEnergy (6.1s)
✔ [9519/9697] Built OAI.MeasureTheory.Falconer.Slicing.SliceNormalization (2.9s)
✔ [9520/9697] Built OAI.MeasureTheory.Falconer.Angular.CapTransport (3.7s)
✔ [9521/9697] Built OAI.MeasureTheory.Falconer.Slicing.GaussianCloseMass (5.2s)
✔ [9522/9697] Built OAI.MeasureTheory.Falconer.Measures.WeakApproximation (7.2s)
✔ [9523/9701] Built OAI.MeasureTheory.Falconer.Incidence.OriginalPencilEqualization (3.3s)
✔ [9524/9701] Built OAI.MeasureTheory.Falconer.Estimates.ScalarWeakScaleParameters (15s)
✔ [9525/9711] Built OAI.MeasureTheory.Falconer.Geometry.ProjectedSeparation (2.6s)
✔ [9526/9715] Built OAI.MeasureTheory.Falconer.Recursion.PointRieszPotential (6.6s)
✔ [9527/9717] Built OAI.MeasureTheory.Falconer.Estimates.ScalarDyadicPowers (2.0s)
✔ [9528/9717] Built OAI.MeasureTheory.Falconer.Estimates.MaskLoss (2.1s)
✔ [9529/9718] Built OAI.MeasureTheory.Falconer.Radial.RadialTestNorm (5.5s)
✔ [9530/9718] Built OAI.MeasureTheory.Falconer.Recursion.PotentialBallBound (5.8s)
✔ [9531/9718] Built OAI.MeasureTheory.Falconer.Measures.DistanceMeasure (5.9s)
✔ [9532/9718] Built OAI.MeasureTheory.Falconer.Recursion.BoundedPotentialCompact (5.0s)
✔ [9533/9718] Built OAI.MeasureTheory.Falconer.Measures.TotalVariation (2.2s)
✔ [9534/9718] Built OAI.MeasureTheory.Falconer.Estimates.ScalarPointPaths (3.3s)
✔ [9535/9718] Built OAI.MeasureTheory.Falconer.Angular.AngularStripMeasure (5.6s)
✔ [9536/9718] Built OAI.MeasureTheory.Falconer.Measures.TestNormRepresentation (5.4s)
✔ [9537/9718] Built OAI.MeasureTheory.Falconer.Measures.SimultaneousProjectedFrostman (5.7s)
✔ [9538/9718] Built OAI.MeasureTheory.Falconer.Estimates.ScalarRounding (2.9s)
✔ [9539/9718] Built OAI.MeasureTheory.Falconer.Geometry.ScalarWeakProjection (16s)
✔ [9540/9718] Built OAI.MeasureTheory.Falconer.Angular.AngularCountMean (5.6s)
✔ [9541/9718] Built OAI.MeasureTheory.Falconer.Geometry.ScalarRoundingCovers (3.3s)
✔ [9542/9729] Built OAI.MeasureTheory.Falconer.Measures.NormalizedProjectedFrostman (6.1s)
✔ [9543/9729] Built OAI.MeasureTheory.Falconer.Measures.TestNormMeasurable (6.3s)
✔ [9544/9729] Built OAI.MeasureTheory.Falconer.Angular.AngularDyadicSum (5.7s)
✔ [9545/9729] Built OAI.MeasureTheory.Falconer.Geometry.ScalarRoundingBalls (4.2s)
✔ [9546/9729] Built OAI.MeasureTheory.Falconer.Measures.TestNormDensity (5.6s)
✔ [9547/9729] Built OAI.MeasureTheory.Falconer.Graphs.GraphDirectionStability (5.8s)
✔ [9548/9732] Built OAI.MeasureTheory.Falconer.Estimates.ScalarRoundingScale (4.5s)
✔ [9549/9732] Built OAI.MeasureTheory.Falconer.Estimates.ScalarResolution (3.3s)
✔ [9550/9732] Built OAI.MeasureTheory.Falconer.Angular.AngularProfileSum (5.8s)
✔ [9551/9732] Built OAI.MeasureTheory.Falconer.Radial.RadonLpDensity (5.5s)
✔ [9552/9732] Built OAI.MeasureTheory.Falconer.Angular.StationarySineChart (3.1s)
✔ [9553/9732] Built OAI.MeasureTheory.Falconer.Estimates.ScalarScaleAlignment (4.4s)
✔ [9554/9732] Built OAI.MeasureTheory.Falconer.Geometry.GridProjectionTransfer (3.2s)
✔ [9555/9732] Built OAI.MeasureTheory.Falconer.Geometry.ScalarUnitProjection (7.1s)
✔ [9556/9732] Built OAI.MeasureTheory.Falconer.Angular.AngularUniformAbsorption (5.4s)
✔ [9557/9732] Built OAI.MeasureTheory.Falconer.Angular.StationaryChartCutoffs (3.0s)
✔ [9558/9732] Built OAI.MeasureTheory.Falconer.Angular.AngularMeanAssembly (5.8s)
✔ [9559/9732] Built OAI.MeasureTheory.Falconer.Measures.ExtendedDensityNorm (5.6s)
✔ [9560/9732] Built OAI.MeasureTheory.Falconer.Estimates.ScalarDivideBudget (3.0s)
✔ [9561/9735] Built OAI.MeasureTheory.Falconer.Radial.ScalarAffineCovers (3.0s)
✔ [9562/9740] Built OAI.MeasureTheory.Falconer.Measures.RegularProductParameters (4.8s)
✔ [9563/9740] Built OAI.MeasureTheory.Falconer.Geometry.BoundedProjectionCoordinates (3.6s)
✔ [9564/9740] Built OAI.MeasureTheory.Falconer.Angular.CircleStationaryPartition (3.3s)
✔ [9565/9740] Built OAI.MeasureTheory.Falconer.Angular.ProjectionAngularGeometry (5.9s)
✔ [9566/9740] Built OAI.MeasureTheory.Falconer.Estimates.ParallelExceptional (6.3s)
✔ [9567/9740] Built OAI.MeasureTheory.Falconer.Angular.CircleTests (5.7s)
✔ [9568/9741] Built OAI.MeasureTheory.Falconer.Estimates.SmoothCompositionScale (2.7s)
✔ [9569/9741] Built OAI.MeasureTheory.Falconer.Estimates.ScalarZoomBounds (3.6s)
✔ [9570/9741] Built OAI.MeasureTheory.Falconer.Measures.WideProductParameters (3.6s)
✔ [9571/9741] Built OAI.MeasureTheory.Falconer.Geometry.ScalarDyadicProjection (14s)
✔ [9572/9742] Built OAI.MeasureTheory.Falconer.Geometry.RoundedProjectionCoordinates (3.8s)
✔ [9573/9742] Built OAI.MeasureTheory.Falconer.Radial.ProjectionExceptional (5.6s)
✔ [9574/9742] Built OAI.MeasureTheory.Falconer.Radial.RadialCapMass (5.5s)
✔ [9575/9747] Built OAI.MeasureTheory.Falconer.Shells.AngularShellEnergy (5.5s)
✔ [9576/9747] Built OAI.MeasureTheory.Falconer.Graphs.RoundedProjectionGraph (3.3s)
✔ [9577/9747] Built OAI.MeasureTheory.Falconer.Geometry.PlanarGridScales (6.1s)
✔ [9578/9747] Built OAI.MeasureTheory.Falconer.Geometry.ScalarBoundedProjection (9.9s)
✔ [9579/9750] Built OAI.MeasureTheory.Falconer.Angular.ActualAngularRegularization (5.3s)
✔ [9580/9750] Built OAI.MeasureTheory.Falconer.Angular.SmoothInverseSine (2.6s)
✔ [9581/9750] Built OAI.MeasureTheory.Falconer.Angular.AngularTransform (5.8s)
✔ [9582/9750] Built OAI.MeasureTheory.Falconer.Radial.RadialFailureMass (6.8s)
✔ [9583/9750] Built OAI.MeasureTheory.Falconer.Graphs.RoundedGraphCounts (4.2s)
✔ [9584/9750] Built OAI.MeasureTheory.Falconer.Geometry.PlanarGridCosts (4.2s)
✔ [9585/9750] Built OAI.MeasureTheory.Falconer.Estimates.ActualClassFamilies (5.1s)
✔ [9586/9751] Built OAI.MeasureTheory.Falconer.Estimates.ScalarBoundedCoefficients (6.2s)
✔ [9587/9751] Built OAI.MeasureTheory.Falconer.Geometry.ScalarWeakRadiusProjection (7.1s)
✔ [9588/9752] Built OAI.MeasureTheory.Falconer.Angular.AngularWidths (5.9s)
✔ [9589/9765] Built OAI.MeasureTheory.Falconer.Graphs.RoundedGraphData (3.2s)
✔ [9590/9772] Built OAI.MeasureTheory.Falconer.Estimates.PlanarCommonBudget (3.1s)
✔ [9591/9776] Built OAI.MeasureTheory.Falconer.Estimates.ScalarReferenceObstruction (3.8s)
✔ [9592/9776] Built OAI.MeasureTheory.Falconer.Angular.AngularBinKernel (2.5s)
✔ [9593/9776] Built OAI.MeasureTheory.Falconer.Angular.AngleCoordinateTests (5.4s)
✔ [9594/9778] Built OAI.MeasureTheory.Falconer.Estimates.ScalarWeakReference (4.0s)
✔ [9595/9778] Built OAI.MeasureTheory.Falconer.Graphs.RegularGraphObstruction (3.9s)
✔ [9596/9778] Built OAI.MeasureTheory.Falconer.Recursion.MinimalDescriptorLength (1.8s)
✔ [9597/9778] Built OAI.MeasureTheory.Falconer.Angular.AngularBinSelection (2.7s)
✔ [9598/9778] Built OAI.MeasureTheory.Falconer.Graphs.RegularUnbalancedGraph (3.8s)
✔ [9599/9778] Built OAI.MeasureTheory.Falconer.Angular.ActualAngleMasks (5.6s)
✔ [9600/9778] Built OAI.MeasureTheory.Falconer.Angular.PeriodicAngularBins (2.6s)
✔ [9601/9780] Built OAI.MeasureTheory.Falconer.Recursion.PlanarWeakDepth (13s)
✔ [9602/9784] Built OAI.MeasureTheory.Falconer.Angular.SelectedAngularBins (2.6s)
✔ [9603/9789] Built OAI.MeasureTheory.Falconer.Graphs.RegularGraphCosts (7.4s)
✔ [9604/9789] Built OAI.MeasureTheory.Falconer.Estimates.PlanarWeakParameters (3.6s)
✔ [9605/9799] Built OAI.MeasureTheory.Falconer.Angular.CircleMaskCoordinates (5.9s)
✔ [9606/9799] Built OAI.MeasureTheory.Falconer.Angular.AngularDifferentialExpr (2.5s)
✔ [9607/9800] Built OAI.MeasureTheory.Falconer.Graphs.WeakGraphObstruction (3.2s)
✔ [9608/9816] Built OAI.MeasureTheory.Falconer.Angular.AngularDifferentialBounds (2.5s)
✔ [9609/9819] Built OAI.MeasureTheory.Falconer.Graphs.RegularGraphRadiusCosts (4.4s)
✔ [9610/9822] Built OAI.MeasureTheory.Falconer.Graphs.DenseGraphParameters (3.6s)
✔ [9611/9826] Built OAI.MeasureTheory.Falconer.Estimates.OrderedLeibniz (2.6s)
✔ [9612/9826] Built OAI.MeasureTheory.Falconer.Angular.CircleMaskSupport (5.6s)
✔ [9613/9908] Built OAI.MeasureTheory.Falconer.Graphs.WeakUnbalancedGraph (4.3s)
✔ [9614/9908] Built OAI.MeasureTheory.Falconer.Graphs.DenseGraphComparableParameters (3.4s)
✔ [9615/9908] Built OAI.MeasureTheory.Falconer.Estimates.SpatialAnchorMasks (6.1s)
✔ [9616/9908] Built OAI.MeasureTheory.Falconer.Shells.Shells (3.5s)
✔ [9617/9908] Built OAI.MeasureTheory.Falconer.Graphs.GraphCoordinateInverse (7.6s)
✔ [9618/9908] Built OAI.MeasureTheory.Falconer.Graphs.DenseUnbalancedGraph (6.4s)
✔ [9619/9908] Built OAI.MeasureTheory.Falconer.Shells.ShellMixtures (3.1s)
✔ [9620/9908] Built OAI.MeasureTheory.Falconer.Recursion.DescriptorMasks (5.5s)
✔ [9621/9908] Built OAI.MeasureTheory.Falconer.Measures.DyadicIntegralSplitting (5.6s)
✔ [9622/9908] Built OAI.MeasureTheory.Falconer.Graphs.CoordinateGraphObstruction (3.6s)
✔ [9623/9908] Built OAI.MeasureTheory.Falconer.Shells.TwoSidedShell (2.0s)
✔ [9624/9908] Built OAI.MeasureTheory.Falconer.Graphs.GraphSignChart (6.0s)
✔ [9625/9908] Built OAI.MeasureTheory.Falconer.Estimates.InactivePairMass (5.6s)
✔ [9626/9908] Built OAI.MeasureTheory.Falconer.Angular.AngularTransformSplitting (5.6s)
✔ [9627/9908] Built OAI.MeasureTheory.Falconer.Estimates.PositiveDistanceGoodSet (6.6s)
✔ [9628/9908] Built OAI.MeasureTheory.Falconer.Estimates.ActualOuterMasks (5.9s)
✔ [9629/9908] Built OAI.MeasureTheory.Falconer.Recursion.DescriptorMaskFailure (5.0s)
✔ [9630/9908] Built OAI.MeasureTheory.Falconer.Recursion.DescriptorMaskSymmetry (5.2s)
✔ [9631/9908] Built OAI.MeasureTheory.Falconer.Graphs.GraphChartVariation (6.6s)
✔ [9632/9908] Built OAI.MeasureTheory.Falconer.Estimates.RoundedPlanarObstruction (8.3s)
✔ [9633/9908] Built OAI.MeasureTheory.Falconer.Graphs.GraphSignPartition (6.1s)
✔ [9634/9908] Built OAI.MeasureTheory.Falconer.Estimates.DistanceForm (5.9s)
✔ [9635/9908] Built OAI.MeasureTheory.Falconer.Estimates.PositiveDistancePushforward (5.0s)
✔ [9636/9908] Built OAI.MeasureTheory.Falconer.Estimates.ClassPairCandidate (5.6s)
✔ [9637/9908] Built OAI.MeasureTheory.Falconer.Fourier.NormalizedSymbolFactors (5.9s)
✔ [9638/9908] Built OAI.MeasureTheory.Falconer.Graphs.PlanarGraphBudgetApplication (4.8s)
✔ [9639/9908] Built OAI.MeasureTheory.Falconer.Radial.RadialDistanceError (6.3s)
✔ [9640/9908] Built OAI.MeasureTheory.Falconer.Angular.GraphAngularCoordinates (7.6s)
✔ [9641/9908] Built OAI.MeasureTheory.Falconer.Estimates.DistanceFormFubini (6.5s)
✔ [9642/9908] Built OAI.MeasureTheory.Falconer.Estimates.PositiveDistanceMasks (6.1s)
✔ [9643/9908] Built OAI.MeasureTheory.Falconer.Geometry.RegularSmallProjections (3.3s)
✔ [9644/9908] Built OAI.MeasureTheory.Falconer.Recursion.RetainedPairMasks (5.5s)
✔ [9645/9908] Built OAI.MeasureTheory.Falconer.Angular.InheritedAngularSymbols (5.8s)
✔ [9646/9908] Built OAI.MeasureTheory.Falconer.Shells.OriginalShellIntegral (5.4s)
✔ [9647/9908] Built OAI.MeasureTheory.Falconer.Incidence.RegularProductIncidence (3.5s)
✔ [9648/9908] Built OAI.MeasureTheory.Falconer.Fourier.DistanceKernelSplitting (5.9s)
✔ [9649/9908] Built OAI.MeasureTheory.Falconer.Graphs.GraphLiftJacobian (7.3s)
✔ [9650/9908] Built OAI.MeasureTheory.Falconer.Estimates.OuterMaskFailure (5.9s)
✔ [9651/9908] Built OAI.MeasureTheory.Falconer.Estimates.ActualClassMass (5.6s)
✔ [9652/9908] Built OAI.MeasureTheory.Falconer.Fourier.InheritedSymbolSupport (5.2s)
✔ [9653/9908] Built OAI.MeasureTheory.Falconer.Shells.RestoredShellCandidates (5.6s)
✔ [9654/9908] Built OAI.MeasureTheory.Falconer.Fourier.UniformSymbolScale (6.4s)
✔ [9655/9908] Built OAI.MeasureTheory.Falconer.Incidence.WideProductIncidence (3.5s)
✔ [9656/9908] Built OAI.MeasureTheory.Falconer.Fourier.AnchorSymbolDropping (5.6s)
✔ [9657/9908] Built OAI.MeasureTheory.Falconer.Graphs.GraphPolarJacobian (6.7s)
✔ [9658/9908] Built OAI.MeasureTheory.Falconer.Graphs.GraphLiftInverse (6.0s)
✔ [9659/9908] Built OAI.MeasureTheory.Falconer.Angular.RetainedAngularFailure (5.8s)
✔ [9660/9908] Built OAI.MeasureTheory.Falconer.Geometry.InactiveBinScales (6.7s)
✔ [9661/9908] Built OAI.MeasureTheory.Falconer.Measures.WideProductPower (5.2s)
✔ [9662/9908] Built OAI.MeasureTheory.Falconer.Angular.AngularEnergyDropping (5.6s)
✔ [9663/9908] Built OAI.MeasureTheory.Falconer.Graphs.GraphCartesianSubstitution (5.6s)
✔ [9664/9908] Built OAI.MeasureTheory.Falconer.Radial.GraphRadialNormalization (6.2s)
✔ [9665/9908] Built OAI.MeasureTheory.Falconer.Shells.RestoredMaskCoverage (5.6s)
✔ [9666/9908] Built OAI.MeasureTheory.Falconer.Estimates.CenteredPacketPower (3.4s)
✔ [9667/9908] Built OAI.MeasureTheory.Falconer.Graphs.GraphScaleDirection (5.5s)
✔ [9668/9908] Built OAI.MeasureTheory.Falconer.Fourier.InheritedSymbolMeasurability (5.4s)
✔ [9669/9908] Built OAI.MeasureTheory.Falconer.Angular.InheritedCircleRegularity (5.5s)
✔ [9670/9908] Built OAI.MeasureTheory.Falconer.Graphs.GraphChartRegularity (6.1s)
✔ [9671/9908] Built OAI.MeasureTheory.Falconer.Graphs.GraphChartIntegral (5.9s)
✔ [9672/9908] Built OAI.MeasureTheory.Falconer.Estimates.CenteredPacketGain (3.5s)
✔ [9673/9908] Built OAI.MeasureTheory.Falconer.Shells.TwoRootMasks (5.9s)
✔ [9674/9908] Built OAI.MeasureTheory.Falconer.Estimates.SourceStrongSeparation (6.2s)
✔ [9675/9908] Built OAI.MeasureTheory.Falconer.Angular.ReciprocalSineBounds (5.0s)
✔ [9676/9908] Built OAI.MeasureTheory.Falconer.Fourier.ActualSymbolEstimates (5.4s)
✔ [9677/9908] Built OAI.MeasureTheory.Falconer.Fourier.OscillatoryTaylor (5.8s)
✔ [9678/9908] Built OAI.MeasureTheory.Falconer.Incidence.LocalPencilPacketGain (3.1s)
✔ [9679/9908] Built OAI.MeasureTheory.Falconer.Graphs.GraphProductMeasure (5.5s)
✔ [9680/9918] Built OAI.MeasureTheory.Falconer.Shells.TwoRootCandidates (5.3s)
✔ [9681/9922] Built OAI.MeasureTheory.Falconer.Estimates.PositiveDistanceWeight (5.7s)
✔ [9682/9922] Built OAI.MeasureTheory.Falconer.Incidence.CoarsePacketGain (3.9s)
✔ [9683/9928] Built OAI.MeasureTheory.Falconer.Estimates.FrechetCompositionScale (2.8s)
✔ [9684/9928] Built OAI.MeasureTheory.Falconer.Estimates.QuadraticTaylorRemainder (5.9s)
✔ [9685/9934] Built OAI.MeasureTheory.Falconer.Estimates.FrechetProductScale (2.5s)
✔ [9686/9956] Built OAI.MeasureTheory.Falconer.Incidence.WeakCoarsePacketGain (3.3s)
✔ [9687/9963] Built OAI.MeasureTheory.Falconer.Estimates.WeightedDistancePushforward (5.5s)
✔ [9688/9964] Built OAI.MeasureTheory.Falconer.Fourier.SchwartzFourierMoments (5.5s)
✔ [9689/9964] Built OAI.MeasureTheory.Falconer.Incidence.FrozenCoarseObstruction (3.8s)
✔ [9690/9964] Built OAI.MeasureTheory.Falconer.Estimates.ProfileMassError (6.1s)
✔ [9691/9965] Built OAI.MeasureTheory.Falconer.Fourier.WeightedDistanceFourier (5.3s)
✔ [9692/9975] Built OAI.MeasureTheory.Falconer.Fourier.SchwartzFourierMomentBounds (5.5s)
✔ [9693/9980] Built OAI.MeasureTheory.Falconer.Angular.QuadraticStationaryExpansion (5.9s)
✔ [9694/9980] Built OAI.MeasureTheory.Falconer.Graphs.GraphProfileCoefficient (5.3s)
✔ [9695/9981] Built OAI.MeasureTheory.Falconer.Estimates.RegularSetAlternative (7.5s)
✔ [9696/9984] Built OAI.MeasureTheory.Falconer.Estimates.WeightedDistanceSourceMapping (5.5s)
✔ [9697/9987] Built OAI.MeasureTheory.Falconer.Angular.QuadraticStationaryL1 (5.6s)
✔ [9698/9987] Built OAI.MeasureTheory.Falconer.Recursion.DisplacementDepth (3.3s)
✔ [9699/10011] Built OAI.MeasureTheory.Falconer.Recursion.InheritedPolicyState (1.6s)
✔ [9700/10012] Built OAI.MeasureTheory.Falconer.Estimates.GeneralRegularSetAlternative (3.9s)
✔ [9701/10012] Built OAI.MeasureTheory.Falconer.Recursion.PrefixPolicyGeometry (7.1s)
✔ [9702/10012] Built OAI.MeasureTheory.Falconer.Angular.CompactStationaryAmplitude (5.5s)
✔ [9703/10012] Built OAI.MeasureTheory.Falconer.Estimates.RegularRefinementContradiction (4.5s)
✔ [9704/10012] Built OAI.MeasureTheory.Falconer.Angular.ActualAngularDropping (5.3s)
✔ [9705/10012] Built OAI.MeasureTheory.Falconer.Recursion.BranchRepresentativeCharges (5.8s)
✔ [9706/10012] Built OAI.MeasureTheory.Falconer.Recursion.ActualPolicyPayments (5.6s)
✔ [9707/10026] Built OAI.MeasureTheory.Falconer.Angular.StationaryChartAmplitude (5.5s)
✔ [9708/10026] Built OAI.MeasureTheory.Falconer.Geometry.CompactQuadraticExpansion (5.4s)
✔ [9709/10026] Built OAI.MeasureTheory.Falconer.Estimates.LinearNonstationary (5.6s)
✔ [9710/10026] Built OAI.MeasureTheory.Falconer.Estimates.RegularFineGain (5.3s)
✔ [9711/10026] Built OAI.MeasureTheory.Falconer.Measures.DyadicMeasureSplitting (5.1s)
✔ [9712/10026] Built OAI.MeasureTheory.Falconer.Angular.ActualStationaryAmplitude (5.2s)
✔ [9713/10026] Built OAI.MeasureTheory.Falconer.Angular.StationaryJetOperators (5.6s)
✔ [9714/10026] Built OAI.MeasureTheory.Falconer.Angular.AngularTransportBounds (5.0s)
✔ [9715/10026] Built OAI.MeasureTheory.Falconer.Angular.CompactCircleResidual (5.7s)
✔ [9716/10026] Built OAI.MeasureTheory.Falconer.Geometry.CompactMultiplierScale (5.8s)
✔ [9717/10026] Built OAI.MeasureTheory.Falconer.Estimates.GeneralRegularFineGain (3.8s)
✔ [9718/10030] Built OAI.MeasureTheory.Falconer.Angular.StationaryChartIntegral (5.8s)
✔ [9719/10030] Built OAI.MeasureTheory.Falconer.Angular.StationaryDifferentialExpr (5.7s)
✔ [9720/10030] Built OAI.MeasureTheory.Falconer.Fourier.PlaneFourierNonstationary (7.9s)
✔ [9721/10030] Built OAI.MeasureTheory.Falconer.Geometry.QuarterChartFineGain (4.5s)
✔ [9722/10034] Built OAI.MeasureTheory.Falconer.Angular.ScaledAngularTransport (5.7s)
✔ [9723/10041] Built OAI.MeasureTheory.Falconer.Angular.LocalizedStationaryExpansion (5.8s)
✔ [9724/10041] Built OAI.MeasureTheory.Falconer.Angular.InverseStationaryOperators (5.7s)
✔ [9725/10041] Built OAI.MeasureTheory.Falconer.Geometry.BoundedChartFineGain (4.5s)
✔ [9726/10041] Built OAI.MeasureTheory.Falconer.Fourier.SpatialAnnulusKernel (5.7s)
✔ [9727/10041] Built OAI.MeasureTheory.Falconer.Angular.CircleDirectCoefficients (5.7s)
✔ [9728/10041] Built OAI.MeasureTheory.Falconer.Angular.StationaryRemainderScale (5.7s)
✔ [9729/10041] Built OAI.MeasureTheory.Falconer.Angular.StationaryOppositePhase (5.9s)
✔ [9730/10041] Built OAI.MeasureTheory.Falconer.Angular.AngularOperatorTerms (5.8s)
✔ [9731/10041] Built OAI.MeasureTheory.Falconer.Geometry.NormalizedRegularGain (3.3s)
✔ [9732/10041] Built OAI.MeasureTheory.Falconer.Angular.InverseStationaryCancellation (5.7s)
✔ [9733/10041] Built OAI.MeasureTheory.Falconer.Angular.ActualStationaryExpansion (5.4s)
✔ [9734/10041] Built OAI.MeasureTheory.Falconer.Fourier.SpatialFourierSeparation (6.1s)
✔ [9735/10041] Built OAI.MeasureTheory.Falconer.Angular.StationaryPowerRate (5.8s)
✔ [9736/10041] Built OAI.MeasureTheory.Falconer.Angular.AngularIntegrationByParts (6.1s)
✔ [9737/10041] Built OAI.MeasureTheory.Falconer.Geometry.FullChartRegularGain (4.3s)
✔ [9738/10041] Built OAI.MeasureTheory.Falconer.Estimates.InverseLeibniz (5.4s)
✔ [9739/10041] Built OAI.MeasureTheory.Falconer.Angular.InverseStationaryTriangle (5.3s)
✔ [9740/10041] Built OAI.MeasureTheory.Falconer.Fourier.SpatialFourierIntegration (5.0s)
✔ [9741/10052] Built OAI.MeasureTheory.Falconer.Measures.WeightedIntegralSquare (5.9s)
✔ [9742/10052] Built OAI.MeasureTheory.Falconer.Angular.AngularNonstationary (5.8s)
✔ [9743/10052] Built OAI.MeasureTheory.Falconer.Angular.CircleLocalIntegral (5.9s)
✔ [9744/10052] Built OAI.MeasureTheory.Falconer.Incidence.ParentQuarterIncidence (6.1s)
✔ [9745/10052] Built OAI.MeasureTheory.Falconer.Fourier.SpatialPhasedSymbols (7.1s)
✔ [9746/10052] Built OAI.MeasureTheory.Falconer.Shells.ContinuousCoefficientShell (6.7s)
✔ [9747/10052] Built OAI.MeasureTheory.Falconer.Geometry.Bins (3.1s)
✔ [9748/10052] Built OAI.MeasureTheory.Falconer.Slicing.GaussianConvolution (6.5s)
✔ [9749/10052] Built OAI.MeasureTheory.Falconer.Angular.CircleResidualDecay (5.7s)
✔ [9750/10052] Built OAI.MeasureTheory.Falconer.Estimates.ScaleUniformNonstationary (6.1s)
✔ [9751/10052] Built OAI.MeasureTheory.Falconer.Angular.AngularNonstationaryPower (6.3s)
✔ [9752/10052] Built OAI.MeasureTheory.Falconer.Angular.StationaryArcLength (5.6s)
✔ [9753/10052] Built OAI.MeasureTheory.Falconer.Recursion.ProfileEndpointBound (5.6s)
✔ [9754/10052] Built OAI.MeasureTheory.Falconer.Estimates.SpatialPhasedDistanceForm (5.8s)
✔ [9755/10052] Built OAI.MeasureTheory.Falconer.Estimates.SpatialDistanceFormSeparation (5.0s)
✔ [9756/10052] Built OAI.MeasureTheory.Falconer.Geometry.BinOffsets (2.5s)
✔ [9757/10052] Built OAI.MeasureTheory.Falconer.Shells.FiniteWeightedShell (6.1s)
✔ [9758/10052] Built OAI.MeasureTheory.Falconer.Slicing.GaussianLebesgue (5.0s)
✔ [9759/10052] Built OAI.MeasureTheory.Falconer.Angular.FullCircleDecomposition (5.8s)
✔ [9760/10052] Built OAI.MeasureTheory.Falconer.Angular.InverseStationaryScales (5.9s)
✔ [9761/10052] Built OAI.MeasureTheory.Falconer.Geometry.SelectedBinAmplitude (6.1s)
✔ [9762/10052] Built OAI.MeasureTheory.Falconer.Angular.GraphTorusAngles (5.9s)
✔ [9763/10052] Built OAI.MeasureTheory.Falconer.Angular.CircleAngularBins (6.2s)
✔ [9764/10052] Built OAI.MeasureTheory.Falconer.Recursion.ProfileGoodBound (5.4s)
✔ [9765/10052] Built OAI.MeasureTheory.Falconer.Incidence.LeafPencilTransport (5.8s)
✔ [9766/10052] Built OAI.MeasureTheory.Falconer.Recursion.ProfileNormalBound (5.5s)
✔ [9767/10052] Built OAI.MeasureTheory.Falconer.Fourier.BinKernel (3.9s)
✔ [9768/10052] Built OAI.MeasureTheory.Falconer.Geometry.SeparatedSpatialDistanceForm (5.5s)
✔ [9769/10052] Built OAI.MeasureTheory.Falconer.Geometry.BinBands (2.9s)
✔ [9770/10052] Built OAI.MeasureTheory.Falconer.Measures.BudgetedEndpointProduct (7.6s)
✔ [9771/10052] Built OAI.MeasureTheory.Falconer.Estimates.FiniteSquareIntegrable (5.3s)
✔ [9772/10055] Built OAI.MeasureTheory.Falconer.Shells.ListWeightedShell (5.7s)
✔ [9773/10055] Built OAI.MeasureTheory.Falconer.Angular.RotatedCircleIntegral (5.3s)
✔ [9774/10055] Built OAI.MeasureTheory.Falconer.Slicing.GaussianDensity (5.8s)
✔ [9775/10055] Built OAI.MeasureTheory.Falconer.Angular.FullCircleStationaryExpansion (5.8s)
✔ [9776/10055] Built OAI.MeasureTheory.Falconer.Graphs.GraphPolarAnnulus (6.0s)
✔ [9777/10055] Built OAI.MeasureTheory.Falconer.Angular.AngularLabelEligibility (5.5s)
✔ [9778/10055] Built OAI.MeasureTheory.Falconer.Geometry.BinEstimates (2.6s)
✔ [9779/10058] Built OAI.MeasureTheory.Falconer.Recursion.ProfileNormalBudget (6.0s)
✔ [9780/10058] Built OAI.MeasureTheory.Falconer.Recursion.ProfileScaleInduction (5.7s)
✔ [9781/10058] Built OAI.MeasureTheory.Falconer.Shells.ShellMultipliers (6.1s)
✔ [9782/10058] Built OAI.MeasureTheory.Falconer.Slicing.GaussianBox (5.0s)
✔ [9783/10058] Built OAI.MeasureTheory.Falconer.Radial.LinearRadialDecay (6.4s)
✔ [9784/10058] Built OAI.MeasureTheory.Falconer.Recursion.InheritedEligibleWitness (5.4s)
✔ [9785/10058] Built OAI.MeasureTheory.Falconer.Angular.FullCircleStationaryPower (6.9s)
✔ [9786/10063] Built OAI.MeasureTheory.Falconer.Geometry.PositiveDistanceBins (5.7s)
✔ [9787/10063] Built OAI.MeasureTheory.Falconer.Recursion.ProfileGeometryBudget (6.4s)
✔ [9788/10063] Built OAI.MeasureTheory.Falconer.Angular.NormalizedStationaryJet (5.6s)
✔ [9789/10063] Built OAI.MeasureTheory.Falconer.Recursion.ProfileIntervalChain (5.8s)
✔ [9790/10063] Built OAI.MeasureTheory.Falconer.Shells.ShellApproximationError (5.6s)
✔ [9791/10063] Built OAI.MeasureTheory.Falconer.Slicing.GaussianPointBand (5.8s)
✔ [9792/10063] Built OAI.MeasureTheory.Falconer.Angular.AngularRadialKernel (5.7s)
✔ [9793/10063] Built OAI.MeasureTheory.Falconer.Angular.StationaryJetLocality (5.5s)
✔ [9794/10063] Built OAI.MeasureTheory.Falconer.Angular.ActualFullCircleStationary (5.6s)
✔ [9795/10063] Built OAI.MeasureTheory.Falconer.Fourier.PositiveDistanceSpatialKernel (5.6s)
✔ [9796/10066] Built OAI.MeasureTheory.Falconer.Recursion.ProfileGeometryPower (5.6s)
✔ [9797/10066] Built OAI.MeasureTheory.Falconer.Angular.SignedStationaryJet (5.2s)
✔ [9798/10068] Built OAI.MeasureTheory.Falconer.Recursion.OrderedEndpointIntervals (5.9s)
✔ [9799/10068] Built OAI.MeasureTheory.Falconer.Recursion.ProfileIterationBudget (5.5s)
✔ [9800/10068] Built OAI.MeasureTheory.Falconer.Angular.RadialStationaryProfile (5.3s)
✔ [9801/10068] Built OAI.MeasureTheory.Falconer.Slicing.GaussianRowMap (5.7s)
✔ [9802/10068] Built OAI.MeasureTheory.Falconer.Angular.InverseStationaryCutoff (5.9s)
✔ [9803/10068] Built OAI.MeasureTheory.Falconer.Angular.AngularFarStationaryScale (5.7s)
✔ [9804/10068] Built OAI.MeasureTheory.Falconer.Angular.ActualTwoPointStationary (5.8s)
✔ [9805/10068] Built OAI.MeasureTheory.Falconer.Recursion.OrderedProfilePower (5.2s)
✔ [9806/10068] Built OAI.MeasureTheory.Falconer.Measures.FourSpatialPairMeasure (6.3s)
✔ [9807/10068] Built OAI.MeasureTheory.Falconer.Incidence.RoundedBlockIntervals (5.4s)
✔ [9808/10068] Built OAI.MeasureTheory.Falconer.Recursion.ProfileUniformIterationBudget (6.2s)
✔ [9809/10068] Built OAI.MeasureTheory.Falconer.Angular.StationaryRadialCoefficient (5.7s)
✔ [9810/10068] Built OAI.MeasureTheory.Falconer.Angular.SignedStationaryRadial (5.8s)
✔ [9811/10068] Built OAI.MeasureTheory.Falconer.Slicing.GaussianRieszKernel (5.4s)
✔ [9812/10068] Built OAI.MeasureTheory.Falconer.Angular.RootStationaryScale (6.4s)
✔ [9813/10068] Built OAI.MeasureTheory.Falconer.Estimates.GeneralColumns (7.2s)
✔ [9814/10068] Built OAI.MeasureTheory.Falconer.Shells.HighShellStationaryScale (7.1s)
✔ [9815/10068] Built OAI.MeasureTheory.Falconer.Angular.InverseStationaryRemainder (8.8s)
✔ [9816/10068] Built OAI.MeasureTheory.Falconer.Estimates.ActualTwoPointDerivatives (5.5s)
✔ [9817/10068] Built OAI.MeasureTheory.Falconer.Recursion.ProfileGainAccounting (5.6s)
✔ [9818/10073] Built OAI.MeasureTheory.Falconer.Estimates.PositiveDistanceOriginalSpatial (5.8s)
✔ [9819/10073] Built OAI.MeasureTheory.Falconer.Incidence.BlockIntervalLengths (5.6s)
✔ [9820/10073] Built OAI.MeasureTheory.Falconer.Angular.StationaryRadialScaling (5.5s)
✔ [9821/10075] Built OAI.MeasureTheory.Falconer.Angular.StationaryPairGain (5.5s)
✔ [9822/10075] Built OAI.MeasureTheory.Falconer.Slicing.GaussianRieszScaling (5.7s)
✔ [9823/10075] Built OAI.MeasureTheory.Falconer.Slicing.GramSchmidtMeasurable (7.5s)
✔ [9824/10075] Built OAI.MeasureTheory.Falconer.Shells.HighShellNormalization (6.0s)
✔ [9825/10075] Built OAI.MeasureTheory.Falconer.Angular.InverseStationaryWeighted (5.0s)
✔ [9826/10075] Built OAI.MeasureTheory.Falconer.Fourier.MinimalPairSymbol (5.6s)
✔ [9827/10076] Built OAI.MeasureTheory.Falconer.Fourier.GoodSupportedKernelMajorant (5.9s)
✔ [9828/10076] Built OAI.MeasureTheory.Falconer.Angular.StationaryPairSupport (5.6s)
✔ [9829/10076] Built OAI.MeasureTheory.Falconer.Incidence.BlockProfileCells (5.9s)
✔ [9830/10076] Built OAI.MeasureTheory.Falconer.Angular.SignedStationaryExpansion (5.8s)
✔ [9831/10076] Built OAI.MeasureTheory.Falconer.Slicing.GaussianProjectionEnergy (6.0s)
✔ [9832/10079] Built OAI.MeasureTheory.Falconer.Slicing.GramSchmidtSlab (5.8s)
✔ [9833/10079] Built OAI.MeasureTheory.Falconer.Measures.NormalizedLeibnizAssignment (5.5s)
✔ [9834/10079] Built OAI.MeasureTheory.Falconer.Shells.HighShellRadialBounds (5.8s)
✔ [9835/10079] Built OAI.MeasureTheory.Falconer.Angular.InverseCircleAssembly (5.8s)
✔ [9836/10079] Built OAI.MeasureTheory.Falconer.Shells.RootEndpointData (5.6s)
✔ [9837/10079] Built OAI.MeasureTheory.Falconer.Estimates.PositiveDistanceJetSupport (5.5s)
✔ [9838/10082] Built OAI.MeasureTheory.Falconer.Incidence.BlockCellNormalGain (5.5s)
✔ [9839/10082] Built OAI.MeasureTheory.Falconer.Angular.StationaryProductIntegral (5.9s)
✔ [9840/10083] Built OAI.MeasureTheory.Falconer.Measures.ChooseProjectedFrostman (5.5s)
✔ [9841/10083] Built OAI.MeasureTheory.Falconer.Slicing.GramSchmidtVolume (6.2s)
✔ [9842/10083] Built OAI.MeasureTheory.Falconer.Shells.HighShellLeibnizSymbols (5.7s)
✔ [9843/10083] Built OAI.MeasureTheory.Falconer.Shells.HighShellErrorPower (6.1s)
✔ [9844/10083] Built OAI.MeasureTheory.Falconer.Estimates.RootPairDerivatives (5.4s)
✔ [9845/10083] Built OAI.MeasureTheory.Falconer.Angular.InverseCirclePower (6.2s)
✔ [9846/10084] Built OAI.MeasureTheory.Falconer.Incidence.BlockCellGoodGain (5.5s)
✔ [9847/10084] Built OAI.MeasureTheory.Falconer.Incidence.BlockCellNormalPower (5.7s)
✔ [9848/10084] Built OAI.MeasureTheory.Falconer.Angular.StationaryProductKernel (5.6s)
✔ [9849/10084] Built OAI.MeasureTheory.Falconer.Measures.ProjectedSupportPoints (6.0s)
✔ [9850/10084] Built OAI.MeasureTheory.Falconer.Radial.RadialTupleTransversality (6.7s)
✔ [9851/10084] Built OAI.MeasureTheory.Falconer.Shells.HighShellCoefficientBounds (6.1s)
✔ [9852/10084] Built OAI.MeasureTheory.Falconer.Fourier.RootPairSymbols (5.6s)
✔ [9853/10090] Built OAI.MeasureTheory.Falconer.Angular.RotatedInverseCircle (5.7s)
✔ [9854/10090] Built OAI.MeasureTheory.Falconer.Incidence.BlockCellPower (6.3s)
✔ [9855/10090] Built OAI.MeasureTheory.Falconer.Estimates.ProjectedCompactPieces (7.3s)
✔ [9856/10090] Built OAI.MeasureTheory.Falconer.Shells.HighShellSubpower (6.5s)
✔ [9857/10090] Built OAI.MeasureTheory.Falconer.Estimates.TroublesomePair (7.2s)
✔ [9858/10090] Built OAI.MeasureTheory.Falconer.Estimates.RootWeightedDistance (6.0s)
✔ [9859/10090] Built OAI.MeasureTheory.Falconer.Estimates.RootLeibniz (5.5s)
✔ [9860/10090] Built OAI.MeasureTheory.Falconer.Angular.InverseCircleArcLength (5.7s)
✔ [9861/10096] Built OAI.MeasureTheory.Falconer.Radial.RadialCollisionMass (5.0s)
✔ [9862/10100] Built OAI.MeasureTheory.Falconer.Recursion.ProfileApplicationBudget (7.0s)
✔ [9863/10111] Built OAI.MeasureTheory.Falconer.Radial.RadialSphereLaw (5.4s)
✔ [9864/10111] Built OAI.MeasureTheory.Falconer.Geometry.InactiveBinGeometry (6.0s)
✔ [9865/10111] Built OAI.MeasureTheory.Falconer.Estimates.NoncomparablePower (5.8s)
✔ [9866/10111] Built OAI.MeasureTheory.Falconer.Angular.SingleStationaryRadial (5.9s)
✔ [9867/10111] Built OAI.MeasureTheory.Falconer.Recursion.ProfileGainParameters (7.3s)
✔ [9868/10111] Built OAI.MeasureTheory.Falconer.Graphs.GraphConeCutoff (6.1s)
✔ [9869/10111] Built OAI.MeasureTheory.Falconer.Estimates.RoundedEndpointGain (8.5s)
✔ [9870/10111] Built OAI.MeasureTheory.Falconer.Radial.RadialZoom (7.3s)
✔ [9871/10113] Built OAI.MeasureTheory.Falconer.Angular.CircleRotation (5.8s)
✔ [9872/10113] Built OAI.MeasureTheory.Falconer.Angular.SingleStationaryIntegral (6.2s)
✔ [9873/10113] Built OAI.MeasureTheory.Falconer.Radial.RadialZoomLaw (5.6s)
✔ [9874/10113] Built OAI.MeasureTheory.Falconer.Recursion.UniformProfileGain (7.3s)
✔ [9875/10113] Built OAI.MeasureTheory.Falconer.Graphs.GraphTorusArcLength (5.6s)
✔ [9876/10113] Built OAI.MeasureTheory.Falconer.Angular.RotatedConeKernel (6.2s)
✔ [9877/10113] Built OAI.MeasureTheory.Falconer.Recursion.ParentConeGeometry (7.5s)
✔ [9878/10113] Built OAI.MeasureTheory.Falconer.Radial.RadialZoomBounds (5.9s)
✔ [9879/10113] Built OAI.MeasureTheory.Falconer.Recursion.InitialProfileClass (5.0s)
✔ [9880/10113] Built OAI.MeasureTheory.Falconer.Radial.GraphTorusRadial (6.1s)
✔ [9881/10113] Built OAI.MeasureTheory.Falconer.Estimates.DistanceFormRemoval (5.5s)
✔ [9882/10113] Built OAI.MeasureTheory.Falconer.Graphs.GraphSignSupports (5.8s)
✔ [9883/10113] Built OAI.MeasureTheory.Falconer.Angular.SmoothRotatedCone (5.8s)
✔ [9884/10115] Built OAI.MeasureTheory.Falconer.Recursion.ParentCellGeometry (5.6s)
✔ [9885/10115] Built OAI.MeasureTheory.Falconer.Radial.PlateZoom (5.7s)
✔ [9886/10115] Built OAI.MeasureTheory.Falconer.Incidence.LeafIncidenceGain (5.9s)
✔ [9887/10120] Built OAI.MeasureTheory.Falconer.Graphs.GraphGlobalChart (5.0s)
✔ [9888/10120] Built OAI.MeasureTheory.Falconer.Graphs.GraphEndpointContinuity (5.5s)
✔ [9889/10120] Built OAI.MeasureTheory.Falconer.Geometry.CellwiseDistanceForm (5.6s)
✔ [9890/10120] Built OAI.MeasureTheory.Falconer.Angular.RotatedBinPartition (5.5s)
✔ [9891/10120] Built OAI.MeasureTheory.Falconer.Geometry.ProjectionDilation (6.3s)
✔ [9892/10120] Built OAI.MeasureTheory.Falconer.Graphs.GraphGlobalSupports (6.3s)
✔ [9893/10120] Built OAI.MeasureTheory.Falconer.Incidence.CenteredPlanarIncidence (6.5s)
✔ [9894/10120] Built OAI.MeasureTheory.Falconer.Graphs.GraphGlobalBump (5.9s)
✔ [9895/10120] Built OAI.MeasureTheory.Falconer.Recursion.ParentBinSelection (5.5s)
✔ [9896/10120] Built OAI.MeasureTheory.Falconer.Incidence.IncidenceScaleChoice (5.3s)
✔ [9897/10130] Built OAI.MeasureTheory.Falconer.Geometry.ProjectionCube (6.1s)
✔ [9898/10130] Built OAI.MeasureTheory.Falconer.Graphs.GraphGlobalDomain (5.7s)
✔ [9899/10130] Built OAI.MeasureTheory.Falconer.Graphs.ParentRetainedEnergy (5.6s)
✔ [9900/10130] Built OAI.MeasureTheory.Falconer.Recursion.ParentConeSource (5.6s)
✔ [9901/10130] Built OAI.MeasureTheory.Falconer.Incidence.IncidenceBucketBudget (5.8s)
✔ [9902/10130] Built OAI.MeasureTheory.Falconer.Incidence.CoarseSquashedPencils (6.6s)
✔ [9903/10130] Built OAI.MeasureTheory.Falconer.Angular.RotatedScaleNonstationary (5.7s)
✔ [9904/10130] Built OAI.MeasureTheory.Falconer.Estimates.ActualTransformSplitting (5.3s)
✔ [9905/10130] Built OAI.MeasureTheory.Falconer.Graphs.GraphTransportIntegrability (6.6s)
✔ [9906/10130] Built OAI.MeasureTheory.Falconer.Graphs.GraphGlobalPhase (6.4s)
✔ [9907/10130] Built OAI.MeasureTheory.Falconer.Recursion.ParentHFBridge (5.8s)
✔ [9908/10130] Built OAI.MeasureTheory.Falconer.Shells.HighShellCone (5.0s)
✔ [9909/10130] Built OAI.MeasureTheory.Falconer.Incidence.IncidencePowerBudget (5.8s)
✔ [9910/10130] Built OAI.MeasureTheory.Falconer.Measures.InactiveBinIntegral (5.5s)
✔ [9911/10130] Built OAI.MeasureTheory.Falconer.Incidence.OriginalBlockIncidence (7.6s)
✔ [9912/10130] Built OAI.MeasureTheory.Falconer.Fourier.GraphFourPointKernel (5.7s)
✔ [9913/10130] Built OAI.MeasureTheory.Falconer.Graphs.GraphNonedgePerturbation (7.4s)
✔ [9914/10130] Built OAI.MeasureTheory.Falconer.Graphs.GraphAlgebraicDirections (6.6s)
✔ [9915/10130] Built OAI.MeasureTheory.Falconer.Shells.RootHighShellInverse (6.1s)
✔ [9916/10130] Built OAI.MeasureTheory.Falconer.Shells.ActualHighShellInverse (5.9s)
✔ [9917/10130] Built OAI.MeasureTheory.Falconer.Geometry.InactiveBinDecay (5.9s)
✔ [9918/10131] Built OAI.MeasureTheory.Falconer.Fourier.GraphKernelBounds (5.7s)
✔ [9919/10134] Built OAI.MeasureTheory.Falconer.Estimates.OriginalWeakCosts (8.1s)
✔ [9920/10134] Built OAI.MeasureTheory.Falconer.Angular.GraphAngleCharts (6.3s)
✔ [9921/10134] Built OAI.MeasureTheory.Falconer.Estimates.RootWeightedInverse (5.5s)
✔ [9922/10134] Built OAI.MeasureTheory.Falconer.Shells.WeightedHighShellInverse (5.5s)
✔ [9923/10134] Built OAI.MeasureTheory.Falconer.Angular.RotatedActualInactive (5.6s)
✔ [9924/10136] Built OAI.MeasureTheory.Falconer.Shells.HighShellEndpointTerms (5.2s)
✔ [9925/10136] Built OAI.MeasureTheory.Falconer.Estimates.RootLeibnizBounds (5.7s)
✔ [9926/10136] Built OAI.MeasureTheory.Falconer.Graphs.GraphActualTransport (5.7s)
✔ [9927/10143] Built OAI.MeasureTheory.Falconer.Graphs.GraphMixedComposition (6.0s)
✔ [9928/10143] Built OAI.MeasureTheory.Falconer.Graphs.GraphFourTransformExpansion (9.0s)
✔ [9929/10143] Built OAI.MeasureTheory.Falconer.Angular.ActualInactiveCircle (5.5s)
✔ [9930/10143] Built OAI.MeasureTheory.Falconer.Shells.HighShellKernelTerms (5.7s)
✔ [9931/10143] Built OAI.MeasureTheory.Falconer.Estimates.RootCoefficientSubpower (5.4s)
✔ [9932/10145] Built OAI.MeasureTheory.Falconer.Shells.RootEndpointTerms (5.2s)
✔ [9933/10145] Built OAI.MeasureTheory.Falconer.Angular.GraphRotatedWeights (5.3s)
✔ [9934/10145] Built OAI.MeasureTheory.Falconer.Graphs.GraphSpatialFubini (5.9s)
✔ [9935/10145] Built OAI.MeasureTheory.Falconer.Graphs.GraphActualMixedDerivatives (5.9s)
✔ [9936/10152] Built OAI.MeasureTheory.Falconer.Graphs.GraphFourMassBound (5.6s)
✔ [9937/10152] Built OAI.MeasureTheory.Falconer.Fourier.ParentInactiveKernel (5.6s)
✔ [9938/10152] Built OAI.MeasureTheory.Falconer.Shells.NormalizedHighShellKernel (5.2s)
✔ [9939/10152] Built OAI.MeasureTheory.Falconer.Fourier.RootKernelTerms (5.6s)
✔ [9940/10152] Built OAI.MeasureTheory.Falconer.Estimates.DistanceWeightSum (5.2s)
✔ [9941/10153] Built OAI.MeasureTheory.Falconer.Graphs.GraphCompleteWeightSupport (5.7s)
✔ [9942/10153] Built OAI.MeasureTheory.Falconer.Graphs.GraphBinDerivatives (5.6s)
✔ [9943/10153] Built OAI.MeasureTheory.Falconer.Graphs.GraphOriginalFubini (6.7s)
✔ [9944/10153] Built OAI.MeasureTheory.Falconer.Fourier.GraphFourSymbolDerivatives (6.3s)
✔ [9945/10153] Built OAI.MeasureTheory.Falconer.Recursion.ParentDiscardedForm (5.7s)
✔ [9946/10153] Built OAI.MeasureTheory.Falconer.Shells.NormalizedHighShellError (5.5s)
✔ [9947/10153] Built OAI.MeasureTheory.Falconer.Fourier.RootNormalizedKernel (5.4s)
✔ [9948/10153] Built OAI.MeasureTheory.Falconer.Angular.AngularFourSpatialIntegral (5.5s)
✔ [9949/10153] Built OAI.MeasureTheory.Falconer.Graphs.GraphTransformChart (5.4s)
✔ [9950/10153] Built OAI.MeasureTheory.Falconer.Angular.FiniteAngularSquare (6.4s)
✔ [9951/10153] Built OAI.MeasureTheory.Falconer.Graphs.GraphFixedCutoffs (5.9s)
✔ [9952/10153] Built OAI.MeasureTheory.Falconer.Estimates.ListBoundedFunctions (5.4s)
✔ [9953/10153] Built OAI.MeasureTheory.Falconer.Recursion.ParentInactiveRemoval (6.2s)
✔ [9954/10153] Built OAI.MeasureTheory.Falconer.Measures.RootNormalizedError (5.4s)
✔ [9955/10153] Built OAI.MeasureTheory.Falconer.Measures.RootNormalizedCoefficients (5.3s)
✔ [9956/10153] Built OAI.MeasureTheory.Falconer.Graphs.GraphInheritedTransformChart (5.5s)
✔ [9957/10153] Built OAI.MeasureTheory.Falconer.Estimates.SelectedDistanceAssembly (5.6s)
✔ [9958/10163] Built OAI.MeasureTheory.Falconer.Measures.FiniteProductIntegral (5.9s)
✔ [9959/10163] Built OAI.MeasureTheory.Falconer.Angular.AngularProductEnergyIntegral (5.0s)
✔ [9960/10163] Built OAI.MeasureTheory.Falconer.Shells.SmoothShellDomination (6.1s)
✔ [9961/10163] Built OAI.MeasureTheory.Falconer.Graphs.GraphDerivativeBounds (6.0s)
✔ [9962/10163] Built OAI.MeasureTheory.Falconer.Fourier.RootFourierError (5.8s)
✔ [9963/10163] Built OAI.MeasureTheory.Falconer.Fourier.GraphActualFrequencySupport (5.0s)
✔ [9964/10163] Built OAI.MeasureTheory.Falconer.Recursion.ParentBinFamily (5.5s)
✔ [9965/10163] Built OAI.MeasureTheory.Falconer.Measures.ProductSchurIntegral (5.8s)
✔ [9966/10163] Built OAI.MeasureTheory.Falconer.Estimates.SpatialLeibnizSubpower (5.3s)
✔ [9967/10164] Built OAI.MeasureTheory.Falconer.Shells.HighShellFourierError (5.9s)
✔ [9968/10168] Built OAI.MeasureTheory.Falconer.Graphs.GraphWeightDerivatives (5.6s)
✔ [9969/10168] Built OAI.MeasureTheory.Falconer.Fourier.RootUniformFourier (5.5s)
✔ [9970/10168] Built OAI.MeasureTheory.Falconer.Estimates.RootSpatialTerms (5.6s)
✔ [9971/10168] Built OAI.MeasureTheory.Falconer.Angular.RotatedGraphEligibility (5.4s)
✔ [9972/10168] Built OAI.MeasureTheory.Falconer.Angular.AngularTerminalBound (5.5s)
✔ [9973/10168] Built OAI.MeasureTheory.Falconer.Measures.DistanceSchurIntegral (7.5s)
✔ [9974/10168] Built OAI.MeasureTheory.Falconer.Angular.AngularKernelIntegral (5.7s)
✔ [9975/10168] Built OAI.MeasureTheory.Falconer.Shells.HighShellSeparatedTerms (5.9s)
✔ [9976/10171] Built OAI.MeasureTheory.Falconer.Shells.HighShellProfileMass (5.5s)
✔ [9977/10171] Built OAI.MeasureTheory.Falconer.Graphs.GraphAmplitudeDerivatives (5.6s)
✔ [9978/10171] Built OAI.MeasureTheory.Falconer.Estimates.RootFiniteSeparation (5.5s)
✔ [9979/10172] Built OAI.MeasureTheory.Falconer.Shells.HighShellFiniteSeparation (5.4s)
✔ [9980/10172] Built OAI.MeasureTheory.Falconer.Estimates.WeightedDistanceNestedSupport (5.4s)
✔ [9981/10176] Built OAI.MeasureTheory.Falconer.Graphs.GraphAmplitudeScale (5.8s)
✔ [9982/10180] Built OAI.MeasureTheory.Falconer.Shells.RootShellData (5.5s)
✔ [9983/10180] Built OAI.MeasureTheory.Falconer.Graphs.GraphAmplitudeSupport (5.8s)
✔ [9984/10180] Built OAI.MeasureTheory.Falconer.Fourier.DistanceSincKernel (3.4s)
✔ [9985/10180] Built OAI.MeasureTheory.Falconer.Shells.HighShellMixture (5.8s)
✔ [9986/10180] Built OAI.MeasureTheory.Falconer.Fourier.DistanceFourierDifference (3.2s)
✔ [9987/10180] Built OAI.MeasureTheory.Falconer.Estimates.WeightedDistanceNestedDomination (5.7s)
✔ [9988/10182] Built OAI.MeasureTheory.Falconer.Graphs.GraphNonedgeGradient (6.5s)
✔ [9989/10182] Built OAI.MeasureTheory.Falconer.Graphs.GraphNonedgeIndexCount (5.9s)
✔ [9990/10182] Built OAI.MeasureTheory.Falconer.Shells.RootShellMixture (5.6s)
✔ [9991/10182] Built OAI.MeasureTheory.Falconer.Graphs.GraphNonedgeAmplitude (5.5s)
✔ [9992/10182] Built OAI.MeasureTheory.Falconer.Graphs.GraphAmplitudeRepresentative (6.1s)
✔ [9993/10182] Built OAI.MeasureTheory.Falconer.Graphs.GraphSliceDerivatives (5.8s)
✔ [9994/10182] Built OAI.MeasureTheory.Falconer.Fourier.DistanceFrequencyBox (3.0s)
✔ [9995/10182] Built OAI.MeasureTheory.Falconer.Shells.HighShellOrderForm (5.5s)
✔ [9996/10182] Built OAI.MeasureTheory.Falconer.Fourier.WeightedDistancePositiveKernel (5.6s)
✔ [9997/10182] Built OAI.MeasureTheory.Falconer.Graphs.GraphNonedgeErrorScale (6.1s)
✔ [9998/10187] Built OAI.MeasureTheory.Falconer.Graphs.GraphParentDiameter (5.7s)
✔ [9999/10187] Built OAI.MeasureTheory.Falconer.Fourier.FourierBandDecomposition (3.3s)
✔ [10000/10187] Built OAI.MeasureTheory.Falconer.Graphs.GraphActualQuadCells (5.3s)
✔ [10001/10187] Built OAI.MeasureTheory.Falconer.Graphs.GraphNonedgeFiniteSum (5.5s)
✔ [10002/10187] Built OAI.MeasureTheory.Falconer.Shells.RootShellOrder (5.5s)
✔ [10003/10187] Built OAI.MeasureTheory.Falconer.Graphs.GraphZNonstationary (5.7s)
✔ [10004/10187] Built OAI.MeasureTheory.Falconer.Fourier.DistanceSincSpectralIdentity (2.9s)
✔ [10005/10187] Built OAI.MeasureTheory.Falconer.Fourier.FourierBandBound (2.8s)
✔ [10006/10187] Built OAI.MeasureTheory.Falconer.Shells.HighShellMeasurable (5.3s)
✔ [10007/10187] Built OAI.MeasureTheory.Falconer.Shells.HighShellMainEnergy (5.8s)
✔ [10008/10187] Built OAI.MeasureTheory.Falconer.Graphs.GraphActualNonedgeGeometry (6.2s)
✔ [10009/10187] Built OAI.MeasureTheory.Falconer.Graphs.WeightedDistanceCoincidence (5.8s)
✔ [10010/10187] Built OAI.MeasureTheory.Falconer.Graphs.ParentGraphIndices (5.5s)
✔ [10011/10187] Built OAI.MeasureTheory.Falconer.Graphs.ProductGraphIndices (5.6s)
✔ [10012/10187] Built OAI.MeasureTheory.Falconer.Shells.RootShellMain (5.8s)
✔ [10013/10187] Built OAI.MeasureTheory.Falconer.Fourier.DistanceSincCollision (3.6s)
✔ [10014/10187] Built OAI.MeasureTheory.Falconer.Graphs.GraphZNonedgeScale (5.9s)
✔ [10015/10187] Built OAI.MeasureTheory.Falconer.Fourier.DistanceFrequencyMajorant (3.4s)
✔ [10016/10187] Built OAI.MeasureTheory.Falconer.Shells.HighShellParentEnergy (5.8s)
✔ [10017/10187] Built OAI.MeasureTheory.Falconer.Estimates.ActualDistanceEquation20 (5.5s)
✔ [10018/10187] Built OAI.MeasureTheory.Falconer.Estimates.ProductTransformPartition (5.0s)
✔ [10019/10187] Built OAI.MeasureTheory.Falconer.Graphs.RootParentEnergy (5.8s)
✔ [10020/10187] Built OAI.MeasureTheory.Falconer.Fourier.DistanceBandKernelBound (2.0s)
✔ [10021/10187] Built OAI.MeasureTheory.Falconer.Graphs.GraphZIntegratedNonedge (6.9s)
✔ [10022/10190] Built OAI.MeasureTheory.Falconer.Shells.HighShellSupremum (5.5s)
✔ [10023/10190] Built OAI.MeasureTheory.Falconer.Shells.HighShellEquation21 (7.0s)
✔ [10024/10190] Built OAI.MeasureTheory.Falconer.Fourier.WeightedDistanceLowFrequency (6.1s)
✔ [10025/10190] Built OAI.MeasureTheory.Falconer.Estimates.ProductWeightSum (5.3s)
✔ [10026/10192] Built OAI.MeasureTheory.Falconer.Estimates.RootSupremum (5.6s)
✔ [10027/10192] Built OAI.MeasureTheory.Falconer.Estimates.RootEquation21 (6.7s)
✔ [10028/10192] Built OAI.MeasureTheory.Falconer.Fourier.ActualDistanceLowBand (5.5s)
✔ [10029/10194] Built OAI.MeasureTheory.Falconer.Radial.ProjectionCellPartition (5.3s)
✔ [10030/10196] Built OAI.MeasureTheory.Falconer.Graphs.GraphEtaNonstationary (6.2s)
✔ [10031/10196] Built OAI.MeasureTheory.Falconer.Shells.ActualHighShellEquation21 (5.5s)
✔ [10032/10196] Built OAI.MeasureTheory.Falconer.Radial.SuffixProjectionWidths (5.6s)
✔ [10033/10196] Built OAI.MeasureTheory.Falconer.Estimates.ActualRootEquation21 (5.3s)
✔ [10034/10197] Built OAI.MeasureTheory.Falconer.Radial.ProjectionCollisionCount (5.8s)
✔ [10035/10197] Built OAI.MeasureTheory.Falconer.Recursion.SuffixDescriptors (5.3s)
✔ [10036/10199] Built OAI.MeasureTheory.Falconer.Graphs.GraphEtaIntegratedNonedge (5.8s)
✔ [10037/10199] Built OAI.MeasureTheory.Falconer.Angular.SuffixAngularRadius (5.2s)
✔ [10038/10199] Built OAI.MeasureTheory.Falconer.Estimates.OuterRootEquation21 (5.5s)
✔ [10039/10199] Built OAI.MeasureTheory.Falconer.Radial.ProfileProjectionCollision (5.6s)
✔ [10040/10202] Built OAI.MeasureTheory.Falconer.Graphs.PairCollisionTonelli (5.0s)
✔ [10041/10202] Built OAI.MeasureTheory.Falconer.Recursion.SuffixDirectionGeometry (5.7s)
✔ [10042/10202] Built OAI.MeasureTheory.Falconer.Graphs.GraphNonedgeIntegralErrors (5.9s)
✔ [10043/10205] Built OAI.MeasureTheory.Falconer.Radial.ProjectionShiftedBand (5.6s)
✔ [10044/10205] Built OAI.MeasureTheory.Falconer.Shells.TwoRootClassMixture (5.7s)
✔ [10045/10205] Built OAI.MeasureTheory.Falconer.Radial.UniformProjectionCollision (5.3s)
✔ [10046/10205] Built OAI.MeasureTheory.Falconer.Measures.NormAffineRemainder (5.7s)
✔ [10047/10208] Built OAI.MeasureTheory.Falconer.Measures.FiniteMeasureProducts (1.9s)
✔ [10048/10208] Built OAI.MeasureTheory.Falconer.Graphs.GraphPointIntegralChart (6.1s)
✔ [10049/10208] Built OAI.MeasureTheory.Falconer.Graphs.GraphInheritedNonedge (5.4s)
✔ [10050/10208] Built OAI.MeasureTheory.Falconer.Graphs.LocalDistanceCollision (5.7s)
✔ [10051/10209] Built OAI.MeasureTheory.Falconer.Shells.TwoRootMixtureFinite (5.4s)
✔ [10052/10211] Built OAI.MeasureTheory.Falconer.Radial.ActualSuffixProjection (5.4s)
✔ [10053/10211] Built OAI.MeasureTheory.Falconer.Recursion.SuffixDistanceTaylor (5.0s)
✔ [10054/10217] Built OAI.MeasureTheory.Falconer.Recursion.SuffixRetainedPairs (5.5s)
✔ [10055/10217] Built OAI.MeasureTheory.Falconer.Geometry.FiniteBinComparison (2.6s)
✔ [10056/10217] Built OAI.MeasureTheory.Falconer.Recursion.DescriptorGoodTransfer (5.3s)
✔ [10057/10217] Built OAI.MeasureTheory.Falconer.Graphs.GraphFourTransformPointIntegral (5.6s)
✔ [10058/10217] Built OAI.MeasureTheory.Falconer.Graphs.GraphInheritedNonedgePower (5.4s)
✔ [10059/10219] Built OAI.MeasureTheory.Falconer.Recursion.SuffixLocalBins (5.4s)
✔ [10060/10222] Built OAI.MeasureTheory.Falconer.Recursion.SuffixNormalization (5.5s)
✔ [10061/10231] Built OAI.MeasureTheory.Falconer.Recursion.SuffixGoodTransport (5.4s)
✔ [10062/10231] Built OAI.MeasureTheory.Falconer.Recursion.SuffixBinGeometry (7.4s)
✔ [10063/10231] Built OAI.MeasureTheory.Falconer.Graphs.GraphOriginalNonedgePower (5.5s)
✔ [10064/10240] Built OAI.MeasureTheory.Falconer.Recursion.ActualSuffixLocalBins (5.5s)
✔ [10065/10240] Built OAI.MeasureTheory.Falconer.Estimates.ActualDistanceTerminal (5.5s)
✔ [10066/10240] Built OAI.MeasureTheory.Falconer.Angular.ActualAngularTerminal (5.5s)
✔ [10067/10242] Built OAI.MeasureTheory.Falconer.Recursion.SuffixCoarseDomination (5.4s)
✔ [10068/10245] Built OAI.MeasureTheory.Falconer.Graphs.ProductGraphEnergy (6.5s)
✔ [10069/10245] Built OAI.MeasureTheory.Falconer.Graphs.DistanceGraphCross (5.3s)
✔ [10070/10245] Built OAI.MeasureTheory.Falconer.Graphs.GraphActualNonedgeSum (5.7s)
✔ [10071/10245] Built OAI.MeasureTheory.Falconer.Recursion.SuffixBinAssembly (5.5s)
✔ [10072/10246] Built OAI.MeasureTheory.Falconer.Graphs.ProductAbsoluteGraphAssembly (5.3s)
✔ [10073/10248] Built OAI.MeasureTheory.Falconer.Graphs.EligibleProductGraphSum (5.3s)
✔ [10074/10248] Built OAI.MeasureTheory.Falconer.Estimates.OuterEntryProfile (8.4s)
✔ [10075/10248] Built OAI.MeasureTheory.Falconer.Recursion.ProfileBlockRefinement (5.1s)
✔ [10076/10251] Built OAI.MeasureTheory.Falconer.Graphs.GraphRetainedEdges (5.3s)
✔ [10077/10251] Built OAI.MeasureTheory.Falconer.Graphs.ParentGraphEnergy (5.6s)
✔ [10078/10251] Built OAI.MeasureTheory.Falconer.Shells.TwoRootMaskCoverage (5.2s)
✔ [10079/10251] Built OAI.MeasureTheory.Falconer.Recursion.ActualSuffixReduction (5.4s)
✔ [10080/10251] Built OAI.MeasureTheory.Falconer.Graphs.EligibleDistanceGraphSum (5.4s)
✔ [10081/10253] Built OAI.MeasureTheory.Falconer.Shells.ActualRestorationBound (5.6s)
✔ [10082/10253] Built OAI.MeasureTheory.Falconer.Graphs.GraphOriginalGraphRemoval (5.5s)
✔ [10083/10253] Built OAI.MeasureTheory.Falconer.Graphs.ParentAbsoluteGraphAssembly (5.5s)
✔ [10084/10253] Built OAI.MeasureTheory.Falconer.Recursion.SuffixPowerLoss (5.5s)
✔ [10085/10253] Built OAI.MeasureTheory.Falconer.Recursion.ProductRetainedStrip (6.5s)
✔ [10086/10253] Built OAI.MeasureTheory.Falconer.Estimates.DistanceEligibleIndices (5.6s)
✔ [10087/10253] Built OAI.MeasureTheory.Falconer.Shells.TwoRootRestoration (5.6s)
✔ [10088/10253] Built OAI.MeasureTheory.Falconer.Shells.SmoothShellPartition (2.0s)
✔ [10089/10253] Built OAI.MeasureTheory.Falconer.Shells.RestorationSubpower (6.4s)
✔ [10090/10255] Built OAI.MeasureTheory.Falconer.Graphs.ActualProductGraphAssembly (5.0s)
✔ [10091/10255] Built OAI.MeasureTheory.Falconer.Graphs.ActualDistanceGraphAssembly (5.0s)
✔ [10092/10255] Built OAI.MeasureTheory.Falconer.Recursion.SourceSuffixReduction (5.5s)
✔ [10093/10255] Built OAI.MeasureTheory.Falconer.Estimates.SourceAssemblyParameters (3.4s)
✔ [10094/10255] Built OAI.MeasureTheory.Falconer.Graphs.GraphFiberPacking (6.4s)
✔ [10095/10255] Built OAI.MeasureTheory.Falconer.Estimates.ParallelCandidateCount (6.2s)
✔ [10096/10255] Built OAI.MeasureTheory.Falconer.Shells.RestorationPowerRate (5.8s)
✔ [10097/10255] Built OAI.MeasureTheory.Falconer.Graphs.ActualDistanceHFGraph (6.1s)
✔ [10098/10259] Built OAI.MeasureTheory.Falconer.Geometry.RootPatchGeometry (5.8s)
✔ [10099/10259] Built OAI.MeasureTheory.Falconer.Graphs.DistancePairDegree (5.8s)
✔ [10100/10259] Built OAI.MeasureTheory.Falconer.Estimates.DistanceActivityStrip (5.7s)
✔ [10101/10259] Built OAI.MeasureTheory.Falconer.Geometry.CompactSublevel (2.2s)
✔ [10102/10259] Built OAI.MeasureTheory.Falconer.Estimates.ProductCandidateWidth (6.4s)
✔ [10103/10259] Built OAI.MeasureTheory.Falconer.Geometry.RootSimilarityGeometry (6.9s)
✔ [10104/10260] Built OAI.MeasureTheory.Falconer.Radial.FiniteRadialContinuity (5.3s)
✔ [10105/10260] Built OAI.MeasureTheory.Falconer.Estimates.DistanceMatrixData (6.5s)
✔ [10106/10261] Built OAI.MeasureTheory.Falconer.Angular.RotatedParallelCandidates (5.5s)
✔ [10107/10261] Built OAI.MeasureTheory.Falconer.Recursion.ProductPrefixCount (5.8s)
✔ [10108/10263] Built OAI.MeasureTheory.Falconer.Frostman.AtomlessRadialContinuity (6.8s)
✔ [10109/10263] Built OAI.MeasureTheory.Falconer.Radial.RadialTestBound (5.6s)
✔ [10110/10264] Built OAI.MeasureTheory.Falconer.Estimates.DistanceCandidateWidth (5.8s)
✔ [10111/10264] Built OAI.MeasureTheory.Falconer.Estimates.SmoothConvolution (6.1s)
✔ [10112/10264] Built OAI.MeasureTheory.Falconer.Graphs.ProductPairDegree (5.8s)
✔ [10113/10275] Built OAI.MeasureTheory.Falconer.Radial.UniformRadialRestrictions (5.7s)
✔ [10114/10275] Built OAI.MeasureTheory.Falconer.Radial.ProjectedDiameter (5.6s)
✔ [10115/10275] Built OAI.MeasureTheory.Falconer.Graphs.UniformDistancePairDegree (5.5s)
✔ [10116/10275] Built OAI.MeasureTheory.Falconer.Radial.RadialTonelli (7.6s)
✔ [10117/10275] Built OAI.MeasureTheory.Falconer.Estimates.ProductMatrix (5.8s)
✔ [10118/10275] Built OAI.MeasureTheory.Falconer.Radial.ProjectionMoment (6.4s)
✔ [10119/10281] Built OAI.MeasureTheory.Falconer.Graphs.SmoothFiberEstimate (5.8s)
✔ [10120/10284] Built OAI.MeasureTheory.Falconer.Shells.ShellKernels (3.2s)
✔ [10121/10284] Built OAI.MeasureTheory.Falconer.Graphs.ActualProductDegrees (5.5s)
✔ [10122/10284] Built OAI.MeasureTheory.Falconer.Graphs.ActualDistanceDegrees (6.5s)
✔ [10123/10289] Built OAI.MeasureTheory.Falconer.Radial.RadialMixedEnergy (5.0s)
✔ [10124/10292] Built OAI.MeasureTheory.Falconer.Shells.ShellFrequencyEnergy (2.7s)
✔ [10125/10292] Built OAI.MeasureTheory.Falconer.Fourier.MeasureKernelConvolution (2.0s)
✔ [10126/10292] Built OAI.MeasureTheory.Falconer.Measures.ProductMatrixSchur (5.3s)
✔ [10127/10292] Built OAI.MeasureTheory.Falconer.Shells.ShellFrequencyTests (2.8s)
✔ [10128/10292] Built OAI.MeasureTheory.Falconer.Graphs.DistanceSupportedGraph (5.3s)
✔ [10129/10292] Built OAI.MeasureTheory.Falconer.Radial.SmoothRadialEstimate (5.5s)
✔ [10130/10292] Built OAI.MeasureTheory.Falconer.Measures.DistributionAbsoluteContinuity (2.9s)
✔ [10131/10292] Built OAI.MeasureTheory.Falconer.Estimates.SignedConvolution (2.0s)
✔ [10132/10292] Built OAI.MeasureTheory.Falconer.Fourier.KernelFourierIdentity (3.0s)
✔ [10133/10294] Built OAI.MeasureTheory.Falconer.Estimates.ProductMatrixIntegrand (5.7s)
✔ [10134/10294] Built OAI.MeasureTheory.Falconer.Estimates.ProductOccupiedVertices (5.6s)
✔ [10135/10294] Built OAI.MeasureTheory.Falconer.Measures.DistanceMatrixSchur (5.6s)
✔ [10136/10294] Built OAI.MeasureTheory.Falconer.Radial.MollifiedRadialBound (5.5s)
✔ [10137/10294] Built OAI.MeasureTheory.Falconer.Estimates.SpatialPlancherel (3.1s)
✔ [10138/10294] Built OAI.MeasureTheory.Falconer.Estimates.ProductMatrixReindex (5.4s)
✔ [10139/10294] Built OAI.MeasureTheory.Falconer.Estimates.RegularSourceClasses (5.8s)
✔ [10140/10294] Built OAI.MeasureTheory.Falconer.Estimates.ProductOccupiedIntegrand (5.5s)
✔ [10141/10294] Built OAI.MeasureTheory.Falconer.Estimates.ProductOccupiedCount (5.5s)
✔ [10142/10294] Built OAI.MeasureTheory.Falconer.Fourier.SpatialFourierTests (3.8s)
✔ [10143/10294] Built OAI.MeasureTheory.Falconer.Angular.AngularNearNeighbors (5.8s)
✔ [10144/10294] Built OAI.MeasureTheory.Falconer.Graphs.SourceSpatialEnergy (3.4s)
✔ [10145/10294] Built OAI.MeasureTheory.Falconer.Radial.RadialFatou (5.8s)
✔ [10146/10294] Built OAI.MeasureTheory.Falconer.Estimates.SourceRepresentatives (5.2s)
✔ [10147/10294] Built OAI.MeasureTheory.Falconer.Estimates.ProductOccupiedSum (5.3s)
✔ [10148/10294] Built OAI.MeasureTheory.Falconer.Angular.AngularNearSum (5.3s)
✔ [10149/10294] Built OAI.MeasureTheory.Falconer.Angular.AngularFarGeometry (5.5s)
✔ [10150/10294] Built OAI.MeasureTheory.Falconer.Fourier.LowFrequencyKernel (3.5s)
✔ [10151/10294] Built OAI.MeasureTheory.Falconer.Shells.ShellSummability (3.0s)
✔ [10152/10294] Built OAI.MeasureTheory.Falconer.Radial.RadialTestEnergy (5.9s)
✔ [10153/10295] Built OAI.MeasureTheory.Falconer.Estimates.DistanceOccupiedSum (5.4s)
✔ [10154/10295] Built OAI.MeasureTheory.Falconer.Graphs.ProductGraphPointwise (5.4s)
✔ [10155/10295] Built OAI.MeasureTheory.Falconer.Angular.AngularOccupiedPartition (5.5s)
✔ [10156/10295] Built OAI.MeasureTheory.Falconer.Angular.AngularFarDepth (4.8s)
✔ [10157/10295] Built OAI.MeasureTheory.Falconer.Shells.ShellErrorSummability (2.0s)
✔ [10158/10295] Built OAI.MeasureTheory.Falconer.Angular.AngularRestrictedKernel (5.6s)
✔ [10159/10295] Built OAI.MeasureTheory.Falconer.Radial.FiniteRadialTestEnergy (5.6s)
✔ [10160/10295] Built OAI.MeasureTheory.Falconer.Graphs.DistanceGraphPointwise (5.8s)
✔ [10161/10295] Built OAI.MeasureTheory.Falconer.Estimates.TestWidths (5.0s)
✔ [10162/10295] Built OAI.MeasureTheory.Falconer.Graphs.ProductGraphIntegral (6.3s)
✔ [10163/10295] Built OAI.MeasureTheory.Falconer.Angular.AngularFarSeparation (5.5s)
✔ [10164/10295] Built OAI.MeasureTheory.Falconer.Fourier.SchwartzLpTests (3.3s)
✔ [10165/10295] Built OAI.MeasureTheory.Falconer.Angular.AngularLengthPartition (5.8s)
✔ [10166/10295] Built OAI.MeasureTheory.Falconer.Estimates.ActualFarBuffer (5.9s)
✔ [10167/10295] Built OAI.MeasureTheory.Falconer.Angular.AngularRestrictedIntegralSum (5.9s)
✔ [10168/10295] Built OAI.MeasureTheory.Falconer.Angular.AngularCellKernels (5.3s)
✔ [10169/10295] Built OAI.MeasureTheory.Falconer.Angular.AngularNearIntegral (5.3s)
✔ [10170/10295] Built OAI.MeasureTheory.Falconer.Radial.RadialLpEnergy (5.6s)
✔ [10171/10295] Built OAI.MeasureTheory.Falconer.Shells.ShellTestConvergence (2.9s)
✔ [10172/10297] Built OAI.MeasureTheory.Falconer.Graphs.DistanceGraphIntegral (6.1s)
✔ [10173/10297] Built OAI.MeasureTheory.Falconer.Graphs.ProductEnergyTransfer (5.3s)
✔ [10174/10297] Built OAI.MeasureTheory.Falconer.Shells.AngularLengthShellCover (5.8s)
✔ [10175/10297] Built OAI.MeasureTheory.Falconer.Estimates.ActualDirectBuffer (5.9s)
✔ [10176/10297] Built OAI.MeasureTheory.Falconer.Graphs.PrefixSuccessorEnergy (5.8s)
✔ [10177/10298] Built OAI.MeasureTheory.Falconer.Angular.AngularCellSpatialIntegral (6.1s)
✔ [10178/10298] Built OAI.MeasureTheory.Falconer.Angular.AngularParentNearFar (5.9s)
✔ [10179/10298] Built OAI.MeasureTheory.Falconer.Shells.ShellReconstruction (3.1s)
✔ [10180/10298] Built OAI.MeasureTheory.Falconer.Radial.SourceRadialSetup (5.6s)
✔ [10181/10298] Built OAI.MeasureTheory.Falconer.Slicing.GaussianDamping (5.4s)
✔ [10182/10298] Built OAI.MeasureTheory.Falconer.Graphs.ProductEnergyMaximum (5.5s)
✔ [10183/10298] Built OAI.MeasureTheory.Falconer.Graphs.ActualDistanceChildEnergy (5.9s)
✔ [10184/10298] Built OAI.MeasureTheory.Falconer.Graphs.ActualProductChildEnergy (5.7s)
✔ [10185/10298] Built OAI.MeasureTheory.Falconer.Angular.AngularLengthIntegralPartition (5.4s)
✔ [10186/10298] Built OAI.MeasureTheory.Falconer.Angular.AngularFarSpatialSum (5.7s)
✔ [10187/10298] Built OAI.MeasureTheory.Falconer.Angular.AngularPairCircleIntegral (5.8s)
✔ [10188/10298] Built OAI.MeasureTheory.Falconer.Recursion.DirectPolicyWitness (8.2s)
✔ [10189/10298] Built OAI.MeasureTheory.Falconer.Slicing.GaussianShellEnergy (6.7s)
✔ [10190/10298] Built OAI.MeasureTheory.Falconer.Measures.RootSimilarityMeasures (7.9s)
✔ [10191/10298] Built OAI.MeasureTheory.Falconer.Recursion.PrefixLowMaximum (6.2s)
✔ [10192/10298] Built OAI.MeasureTheory.Falconer.Slicing.GaussianSmoothing (7.2s)
✔ [10193/10304] Built OAI.MeasureTheory.Falconer.Estimates.DistanceProfileFactor (6.3s)
✔ [10194/10304] Built OAI.MeasureTheory.Falconer.Estimates.ComparableProfileFactor (5.4s)
✔ [10195/10304] Built OAI.MeasureTheory.Falconer.Angular.AngularNearProfile (5.5s)
✔ [10196/10304] Built OAI.MeasureTheory.Falconer.Estimates.ActualProductEstimate (5.9s)
✔ [10197/10305] Built OAI.MeasureTheory.Falconer.Angular.ActualFarCircleExpansion (5.3s)
✔ [10198/10307] Built OAI.MeasureTheory.Falconer.Incidence.AngularTubeCount (2.6s)
✔ [10199/10307] Built OAI.MeasureTheory.Falconer.Angular.AngularNearProgress (5.4s)
✔ [10200/10307] Built OAI.MeasureTheory.Falconer.Angular.AngularOriginalIntegrability (6.1s)
✔ [10201/10307] Built OAI.MeasureTheory.Falconer.Estimates.Published (6.2s)
✔ [10202/10308] Built OAI.MeasureTheory.Falconer.Measures.ComparableNormalization (5.5s)
✔ [10203/10308] Built OAI.MeasureTheory.Falconer.Angular.RegularizedAngularNear (5.5s)
✔ [10204/10312] Built OAI.MeasureTheory.Falconer.Estimates.ActualProductEquation13 (5.4s)
✔ [10205/10312] Built OAI.MeasureTheory.Falconer.Angular.AngularTubeMean (2.9s)
✔ [10206/10312] Built OAI.MeasureTheory.Falconer.Estimates.CriticalScale (5.3s)
✔ [10207/10312] Built OAI.MeasureTheory.Falconer.Slicing.GaussianAmplification (5.6s)
✔ [10208/10312] Built OAI.MeasureTheory.Falconer.Recursion.BranchTransitions (6.1s)
✔ [10209/10312] Built OAI.MeasureTheory.Falconer.Angular.AngularStationaryRadialError (6.2s)
✔ [10210/10312] Built OAI.MeasureTheory.Falconer.Angular.AngularOriginalFarPartition (5.9s)
✔ [10211/10312] Built OAI.MeasureTheory.Falconer.Geometry.FrequencyGeometry (3.2s)
✔ [10212/10312] Built OAI.MeasureTheory.Falconer.Graphs.ActualProductEnergyFinite (5.5s)
✔ [10213/10312] Built OAI.MeasureTheory.Falconer.Geometry.FiniteScaleBall (5.4s)
✔ [10214/10312] Built OAI.MeasureTheory.Falconer.Recursion.BranchRecursionOrder (5.3s)
✔ [10215/10312] Built OAI.MeasureTheory.Falconer.Recursion.BranchValidity (5.7s)
✔ [10216/10312] Built OAI.MeasureTheory.Falconer.Recursion.BranchCounts (6.3s)
✔ [10217/10312] Built OAI.MeasureTheory.Falconer.Radial.ActualSingleRadialError (6.7s)
✔ [10218/10312] Built OAI.MeasureTheory.Falconer.Radial.ActualFarRadialError (6.5s)
✔ [10219/10312] Built OAI.MeasureTheory.Falconer.Measures.FrequencyMeasure (3.1s)
✔ [10220/10312] Built OAI.MeasureTheory.Falconer.Angular.AngularOccupiedFarPartition (5.6s)
✔ [10221/10312] Built OAI.MeasureTheory.Falconer.Angular.MeasurableAngularJets (6.9s)
✔ [10222/10312] Built OAI.MeasureTheory.Falconer.Angular.ActualAngularNear (5.6s)
✔ [10223/10316] Built OAI.MeasureTheory.Falconer.Estimates.ActualDistanceEstimate (5.6s)
✔ [10224/10316] Built OAI.MeasureTheory.Falconer.Angular.AngularDroppedMaximum (5.3s)
✔ [10225/10316] Built OAI.MeasureTheory.Falconer.Recursion.BranchPotential (6.0s)
✔ [10226/10316] Built OAI.MeasureTheory.Falconer.Recursion.SourceBranchDepth (7.2s)
✔ [10227/10316] Built OAI.MeasureTheory.Falconer.Measures.ComparableIntegralPartition (5.0s)
✔ [10228/10320] Built OAI.MeasureTheory.Falconer.Shells.FrequencyShell (7.1s)
✔ [10229/10320] Built OAI.MeasureTheory.Falconer.Angular.AngularFourCellMass (6.5s)
✔ [10230/10320] Built OAI.MeasureTheory.Falconer.Angular.ActualAngularNearDropping (5.7s)
✔ [10231/10320] Built OAI.MeasureTheory.Falconer.Estimates.ActualDistanceEquation12 (6.4s)
✔ [10232/10320] Built OAI.MeasureTheory.Falconer.Recursion.PrefixChildDropping (5.6s)
✔ [10233/10320] Built OAI.MeasureTheory.Falconer.Angular.AngularStateData (5.4s)
✔ [10234/10320] Built OAI.MeasureTheory.Falconer.Angular.AngularStationarySpatial (14s)
✔ [10235/10323] Built OAI.MeasureTheory.Falconer.Recursion.BranchExponentAlgebra (7.2s)
✔ [10236/10323] Built OAI.MeasureTheory.Falconer.Recursion.ReachedStateRecursion (5.7s)
✔ [10237/10323] Built OAI.MeasureTheory.Falconer.Recursion.FrequencyIntervals (6.8s)
✔ [10238/10323] Built OAI.MeasureTheory.Falconer.Angular.AngularComparableCarrier (5.5s)
✔ [10239/10323] Built OAI.MeasureTheory.Falconer.Measures.FourCellMeasureSplitting (5.6s)
✔ [10240/10323] Built OAI.MeasureTheory.Falconer.Fourier.IntegratedSmoothing (7.2s)
✔ [10241/10323] Built OAI.MeasureTheory.Falconer.Angular.ActualAngularEquation23 (5.4s)
✔ [10242/10323] Built OAI.MeasureTheory.Falconer.Graphs.PrefixGraphSpecialization (5.6s)
✔ [10243/10323] Built OAI.MeasureTheory.Falconer.Estimates.SourceStateTerminal (5.7s)
✔ [10244/10323] Built OAI.MeasureTheory.Falconer.Angular.AngularStateDropping (5.3s)
✔ [10245/10323] Built OAI.MeasureTheory.Falconer.Angular.AngularStateSuccessor (10s)
✔ [10246/10323] Built OAI.MeasureTheory.Falconer.Angular.SingleStationaryAngular (6.7s)
✔ [10247/10326] Built OAI.MeasureTheory.Falconer.Estimates.ActualFarSpatialError (7.4s)
✔ [10248/10326] Built OAI.MeasureTheory.Falconer.Angular.ActualStationaryProductKernel (5.8s)
✔ [10249/10326] Built OAI.MeasureTheory.Falconer.Recursion.BranchExponent (5.2s)
✔ [10250/10326] Built OAI.MeasureTheory.Falconer.Angular.StationaryApproximantSupport (6.1s)
✔ [10251/10326] Built OAI.MeasureTheory.Falconer.Angular.AngularNoncomparableCarrier (5.6s)
✔ [10252/10326] Built OAI.MeasureTheory.Falconer.Estimates.ComparablePositiveRebin (5.5s)
✔ [10253/10326] Built OAI.MeasureTheory.Falconer.Angular.CommonProfileAngularNear (5.4s)
✔ [10254/10326] Built OAI.MeasureTheory.Falconer.Shells.HalfDimensionalShell (5.8s)
✔ [10255/10326] Built OAI.MeasureTheory.Falconer.Recursion.PrefixInverseSupremum (6.9s)
✔ [10256/10326] Built OAI.MeasureTheory.Falconer.Graphs.ActualDirectGraph (6.4s)
✔ [10257/10326] Built OAI.MeasureTheory.Falconer.Estimates.ActualComparableFarError (5.6s)
✔ [10258/10326] Built OAI.MeasureTheory.Falconer.Recursion.ParallelProfile (5.9s)
✔ [10259/10326] Built OAI.MeasureTheory.Falconer.Angular.ActualSingleStationaryKernel (5.6s)
✔ [10260/10326] Built OAI.MeasureTheory.Falconer.Angular.ActualStationarySpatialIntegrability (5.8s)
✔ [10261/10326] Built OAI.MeasureTheory.Falconer.Recursion.BranchErrorBounds (5.8s)
✔ [10262/10326] Built OAI.MeasureTheory.Falconer.Angular.FourStationarySupport (5.6s)
✔ [10263/10326] Built OAI.MeasureTheory.Falconer.Estimates.PositiveDistanceRebinBound (5.4s)
✔ [10264/10326] Built OAI.MeasureTheory.Falconer.Geometry.ComparableCellCounting (5.8s)
✔ [10265/10326] Built OAI.MeasureTheory.Falconer.Estimates.ComparableComplexRebin (5.4s)
✔ [10266/10326] Built OAI.MeasureTheory.Falconer.Fourier.HalfDimensionalFourier (7.2s)
✔ [10267/10326] Built OAI.MeasureTheory.Falconer.Shells.PrefixHighShell (6.7s)
✔ [10268/10326] Built OAI.MeasureTheory.Falconer.Angular.SourceAngularDirect (5.8s)
✔ [10269/10326] Built OAI.MeasureTheory.Falconer.Estimates.ComparableContributionPartition (5.4s)
✔ [10270/10326] Built OAI.MeasureTheory.Falconer.Estimates.ParallelGood (5.5s)
✔ [10271/10326] Built OAI.MeasureTheory.Falconer.Estimates.ActualNoncomparableMain (5.7s)
✔ [10272/10326] Built OAI.MeasureTheory.Falconer.Recursion.ReachedBranchWeights (5.4s)
✔ [10273/10326] Built OAI.MeasureTheory.Falconer.Angular.ActualFourStationarySupport (5.3s)
✔ [10274/10326] Built OAI.MeasureTheory.Falconer.Geometry.SeparatedDistanceMaximum (5.6s)
✔ [10275/10326] Built OAI.MeasureTheory.Falconer.Geometry.ProjectionLaw (5.0s)
✔ [10276/10326] Built OAI.MeasureTheory.Falconer.Radial.ActualNoncomparableRadial (6.0s)
✔ [10277/10326] Built OAI.MeasureTheory.Falconer.Radial.RadialIntervalEnergy (10s)
✔ [10278/10326] Built OAI.MeasureTheory.Falconer.Recursion.WeightedBranchInduction (6.8s)
✔ [10279/10326] Built OAI.MeasureTheory.Falconer.Recursion.PrefixBandAssembly (13s)
✔ [10280/10326] Built OAI.MeasureTheory.Falconer.Geometry.ProjectionRescaling (5.5s)
✔ [10281/10326] Built OAI.MeasureTheory.Falconer.Shells.ActualComparableShellRebin (6.2s)
✔ [10282/10326] Built OAI.MeasureTheory.Falconer.Geometry.ProjectionGood (5.4s)
✔ [10283/10326] Built OAI.MeasureTheory.Falconer.Geometry.ProjectionSinc (5.3s)
✔ [10284/10326] Built OAI.MeasureTheory.Falconer.Estimates.ConditionalCollision (5.3s)
✔ [10285/10326] Built OAI.MeasureTheory.Falconer.Radial.NoncomparableRadialSymmetry (5.6s)
✔ [10286/10326] Built OAI.MeasureTheory.Falconer.Recursion.SourcePrefixReduction (5.8s)
✔ [10287/10326] Built OAI.MeasureTheory.Falconer.Shells.ActualComparableShellDistance (5.4s)
✔ [10288/10327] Built OAI.MeasureTheory.Falconer.Geometry.ProjectionBuffer (5.3s)
✔ [10289/10329] Built OAI.MeasureTheory.Falconer.Geometry.ProjectionCollisionMean (6.7s)
✔ [10290/10330] Built OAI.MeasureTheory.Falconer.Estimates.ActualNoncomparableSpatial (5.4s)
✔ [10291/10330] Built OAI.MeasureTheory.Falconer.Angular.PublishedGnomonic (2.0s)
✔ [10292/10330] Built OAI.MeasureTheory.Falconer.Shells.ActualComparableShellNormalized (6.1s)
✔ [10293/10330] Built OAI.MeasureTheory.Falconer.Geometry.ConditionalProjectionBuffer (5.9s)
✔ [10294/10331] Built OAI.MeasureTheory.Falconer.Fourier.CoordinateIntegral (3.2s)
✔ [10295/10331] Built OAI.MeasureTheory.Falconer.Recursion.ProjectionProfileAlgebra (6.6s)
✔ [10296/10336] Built OAI.MeasureTheory.Falconer.Angular.SphereChartIntegral (2.6s)
✔ [10297/10338] Built OAI.MeasureTheory.Falconer.Estimates.ActualComparableDepthSum (5.6s)
✔ [10298/10338] Built OAI.MeasureTheory.Falconer.Estimates.ActualNoncomparableFar (5.7s)
✔ [10299/10354] Built OAI.MeasureTheory.Falconer.Geometry.ChartCoordinates (3.1s)
✔ [10300/10354] Built OAI.MeasureTheory.Falconer.Fourier.SmoothReciprocal (3.4s)
✔ [10301/10354] Built OAI.MeasureTheory.Falconer.Fourier.PhaseIntegration (6.4s)
✔ [10302/10354] Built OAI.MeasureTheory.Falconer.Recursion.ProjectionProfileMean (6.1s)
✔ [10303/10354] Built OAI.MeasureTheory.Falconer.Geometry.ChartFrame (2.9s)
✔ [10304/10354] Built OAI.MeasureTheory.Falconer.Estimates.FarComparableSplit (5.6s)
✔ [10305/10360] Built OAI.MeasureTheory.Falconer.Angular.CapNet (3.2s)
✔ [10306/10362] Built OAI.MeasureTheory.Falconer.Angular.SmoothCapPartition (3.1s)
✔ [10307/10362] Built OAI.MeasureTheory.Falconer.Fourier.NonstationaryPhase (5.4s)
✔ [10308/10362] Built OAI.MeasureTheory.Falconer.Angular.ActualFarStationaryReduction (5.4s)
✔ [10309/10362] Built OAI.MeasureTheory.Falconer.Geometry.ProjectionExceptional (6.7s)
✔ [10310/10362] Built OAI.MeasureTheory.Falconer.Estimates.ParallelMean (5.5s)
✔ [10311/10362] Built OAI.MeasureTheory.Falconer.Measures.ClassSupport (5.3s)
✔ [10312/10362] Built OAI.MeasureTheory.Falconer.Geometry.ConditionalProjectionTest (5.1s)
✔ [10313/10362] Built OAI.MeasureTheory.Falconer.Geometry.ChartNonstationary (5.4s)
✔ [10314/10362] Built OAI.MeasureTheory.Falconer.Estimates.ActualFarEquation24 (5.6s)
✔ [10315/10362] Built OAI.MeasureTheory.Falconer.Estimates.ParallelNumerics (5.5s)
✔ [10316/10372] Built OAI.MeasureTheory.Falconer.Estimates.DescriptorTests (5.6s)
✔ [10317/10372] Built OAI.MeasureTheory.Falconer.Estimates.ActualFarSourceBuffer (5.3s)
✔ [10318/10372] Built OAI.MeasureTheory.Falconer.Measures.ChartDensityEstimate (5.8s)
✔ [10319/10372] Built OAI.MeasureTheory.Falconer.Fourier.StationaryInverse (2.0s)
✔ [10320/10372] Built OAI.MeasureTheory.Falconer.Estimates.MixedComposition (2.8s)
✔ [10321/10374] Built OAI.MeasureTheory.Falconer.Estimates.ParallelScaleMean (6.1s)
✔ [10322/10375] Built OAI.MeasureTheory.Falconer.Estimates.ActualFarPower (5.6s)
✔ [10323/10375] Built OAI.MeasureTheory.Falconer.Fourier.PublishedQuadraticStationary (2.8s)
✔ [10324/10375] Built OAI.MeasureTheory.Falconer.Angular.SphereNonstationary (6.1s)
✔ [10325/10386] Built OAI.MeasureTheory.Falconer.Angular.SharedAngular (3.1s)
✔ [10326/10386] Built OAI.MeasureTheory.Falconer.Fourier.ParametricJets (3.4s)
✔ [10327/10386] Built OAI.MeasureTheory.Falconer.Estimates.AllDimensionalParallelExceptional (6.5s)
✔ [10328/10388] Built OAI.MeasureTheory.Falconer.Fourier.EndpointTransform (2.9s)
✔ [10329/10389] Built OAI.MeasureTheory.Falconer.Measures.AmbientMaskProductBudget (2.5s)
✔ [10330/10389] Built OAI.MeasureTheory.Falconer.Estimates.ActualFarSourceEquation24 (5.6s)
✔ [10331/10389] Built OAI.MeasureTheory.Falconer.Estimates.RotatedNonstationary (5.5s)
✔ [10332/10389] Built OAI.MeasureTheory.Falconer.Fourier.DyadicTransforms (2.4s)
✔ [10333/10391] Built OAI.MeasureTheory.Falconer.Estimates.ReachedMasks (3.7s)
✔ [10334/10397] Built OAI.MeasureTheory.Falconer.Estimates.LaplacianBounds (6.5s)
✔ [10335/10397] Built OAI.MeasureTheory.Falconer.Angular.AngularStateContributions (6.3s)
✔ [10336/10401] Built OAI.MeasureTheory.Falconer.Angular.AngularPair (3.1s)
✔ [10337/10401] Built OAI.MeasureTheory.Falconer.Angular.MixedCapBounds (3.3s)
✔ [10338/10401] Built OAI.MeasureTheory.Falconer.Fourier.AmbientSymbols (7.9s)
✔ [10339/10401] Built OAI.MeasureTheory.Falconer.Radial.RadialNonstationary (3.1s)
✔ [10340/10402] Built OAI.MeasureTheory.Falconer.Fourier.OscillatoryExpansion (3.1s)
✔ [10341/10402] Built OAI.MeasureTheory.Falconer.Angular.AngularPairSwap (2.0s)
✔ [10342/10402] Built OAI.MeasureTheory.Falconer.Estimates.DyadicDisplacements (2.7s)
✔ [10343/10403] Built OAI.MeasureTheory.Falconer.Angular.AngularStateNearFar (6.1s)
✔ [10344/10407] Built OAI.MeasureTheory.Falconer.Angular.AngularTerminal (2.8s)
✔ [10345/10407] Built OAI.MeasureTheory.Falconer.Fourier.BumpDerivatives (7.0s)
✔ [10346/10409] Built OAI.MeasureTheory.Falconer.Radial.RadialLocalization (6.4s)
✔ [10347/10409] Built OAI.MeasureTheory.Falconer.Estimates.SpatialAnnulusKernel (3.4s)
✔ [10348/10409] Built OAI.MeasureTheory.Falconer.Angular.SourceAngularReduction (5.9s)
✔ [10349/10410] Built OAI.MeasureTheory.Falconer.Geometry.QuadraticChart (3.9s)
✔ [10350/10410] Built OAI.MeasureTheory.Falconer.Fourier.AllDimensionalSpatialFourierSeparation (3.9s)
✔ [10351/10410] Built OAI.MeasureTheory.Falconer.Radial.RadialPairSwap (6.7s)
✔ [10352/10411] Built OAI.MeasureTheory.Falconer.Fourier.ChartBumps (7.4s)
✔ [10353/10411] Built OAI.MeasureTheory.Falconer.Geometry.FixedChartBounds (3.3s)
✔ [10354/10411] Built OAI.MeasureTheory.Falconer.Fourier.AllDimensionalSpatialFourierIntegration (4.0s)
✔ [10355/10411] Built OAI.MeasureTheory.Falconer.Recursion.BranchAnalyticSuccessors (6.6s)
✔ [10356/10411] Built OAI.MeasureTheory.Falconer.Fourier.PoleCutoffs (6.8s)
✔ [10357/10411] Built OAI.MeasureTheory.Falconer.Angular.FourPointCaps (6.3s)
✔ [10358/10411] Built OAI.MeasureTheory.Falconer.Estimates.LaplacianIsometry (3.0s)
✔ [10359/10418] Built OAI.MeasureTheory.Falconer.Geometry.AmbientChartBudget (5.5s)
✔ [10360/10423] Built OAI.MeasureTheory.Falconer.Angular.CapDenominator (5.7s)
✔ [10361/10423] Built OAI.MeasureTheory.Falconer.Estimates.QuadraticDifferential (3.7s)
✔ [10362/10423] Built OAI.MeasureTheory.Falconer.Estimates.ActualSuccessorUpperBounds (5.8s)
✔ [10363/10424] Built OAI.MeasureTheory.Falconer.Angular.CapAmplitudeDerivatives (5.9s)
✔ [10364/10424] Built OAI.MeasureTheory.Falconer.Angular.MixedCapDenominator (5.7s)
✔ [10365/10424] Built OAI.MeasureTheory.Falconer.Angular.CapCoordinates (2.9s)
✔ [10366/10424] Built OAI.MeasureTheory.Falconer.Fourier.QuadraticJacobian (3.4s)
✔ [10367/10424] Built OAI.MeasureTheory.Falconer.Angular.CapReciprocal (5.5s)
✔ [10368/10424] Built OAI.MeasureTheory.Falconer.Recursion.RecursiveCellInvariants (5.3s)
✔ [10369/10428] Built OAI.MeasureTheory.Falconer.Fourier.QuadraticIntegral (3.5s)
✔ [10370/10431] Built OAI.MeasureTheory.Falconer.Fourier.SeparatedJets (3.7s)
✔ [10371/10431] Built OAI.MeasureTheory.Falconer.Fourier.CellSymbols (5.7s)
✔ [10372/10433] Built OAI.MeasureTheory.Falconer.Fourier.QuadraticStationary (3.4s)
✔ [10373/10433] Built OAI.MeasureTheory.Falconer.Angular.NormalizedCaps (6.7s)
✔ [10374/10433] Built OAI.MeasureTheory.Falconer.Fourier.LocalStationaryJets (6.2s)
✔ [10375/10434] Built OAI.MeasureTheory.Falconer.Fourier.StationaryCoefficients (3.7s)
✔ [10376/10434] Built OAI.MeasureTheory.Falconer.Fourier.StationaryTransport (3.6s)
✔ [10377/10434] Built OAI.MeasureTheory.Falconer.Fourier.StationaryScales (2.5s)
✔ [10378/10441] Built OAI.MeasureTheory.Falconer.Angular.ActualAngularRecursionBound (9.9s)
✔ [10379/10441] Built OAI.MeasureTheory.Falconer.Fourier.ChartJetOperators (3.3s)
✔ [10380/10444] Built OAI.MeasureTheory.Falconer.Angular.MixedNormalizedCaps (6.0s)
✔ [10381/10444] Built OAI.MeasureTheory.Falconer.Angular.QuantitativeCaps (5.7s)
✔ [10382/10444] Built OAI.MeasureTheory.Falconer.Estimates.WeightedCauchy (2.8s)
✔ [10383/10444] Built OAI.MeasureTheory.Falconer.Recursion.ActualDistanceRecursionBound (7.0s)
✔ [10384/10444] Built OAI.MeasureTheory.Falconer.Fourier.PoleStationarySupport (4.0s)
✔ [10385/10444] Built OAI.MeasureTheory.Falconer.Fourier.MaskJetAlgebra (5.3s)
✔ [10386/10444] Built OAI.MeasureTheory.Falconer.Estimates.SpatialSharedBound (3.7s)
✔ [10387/10445] Built OAI.MeasureTheory.Falconer.Fourier.ChartSymbolControl (5.9s)
✔ [10388/10445] Built OAI.MeasureTheory.Falconer.Fourier.SmoothMask (5.5s)
✔ [10389/10453] Built OAI.MeasureTheory.Falconer.Estimates.QuadraticBudget (4.5s)
✔ [10390/10453] Built OAI.MeasureTheory.Falconer.Shells.SpatialSharedShell (4.4s)
✔ [10391/10453] Built OAI.MeasureTheory.Falconer.Graphs.RecursiveEnergyFamily (7.6s)
✔ [10392/10453] Built OAI.MeasureTheory.Falconer.Fourier.BorelSymbols (5.5s)
✔ [10393/10453] Built OAI.MeasureTheory.Falconer.Estimates.MixedMaskBounds (5.7s)
✔ [10394/10453] Built OAI.MeasureTheory.Falconer.Angular.CapSupport (6.7s)
✔ [10395/10453] Built OAI.MeasureTheory.Falconer.Measures.MaskSupport (5.7s)
✔ [10396/10453] Built OAI.MeasureTheory.Falconer.Fourier.SmoothMaskDerivatives (5.7s)
✔ [10397/10453] Built OAI.MeasureTheory.Falconer.Fourier.MaskedStationaryJets (2.9s)
✔ [10398/10453] Built OAI.MeasureTheory.Falconer.Fourier.SymbolOrder (3.1s)
✔ [10399/10454] Built OAI.MeasureTheory.Falconer.Estimates.AdaptedFailure (5.9s)
✔ [10400/10454] Built OAI.MeasureTheory.Falconer.Fourier.SpatialSymbols (6.6s)
✔ [10401/10454] Built OAI.MeasureTheory.Falconer.Angular.GlobalCapBounds (6.7s)
✔ [10402/10454] Built OAI.MeasureTheory.Falconer.Recursion.ActualRecursiveProfile (9.7s)
✔ [10403/10454] Built OAI.MeasureTheory.Falconer.Estimates.LocalInverse (2.8s)
✔ [10404/10460] Built OAI.MeasureTheory.Falconer.Fourier.JointStationaryGeometry (3.9s)
✔ [10405/10463] Built OAI.MeasureTheory.Falconer.Fourier.SymbolProduct (6.8s)
✔ [10406/10463] Built OAI.MeasureTheory.Falconer.Geometry.FactorChartControl (6.4s)
✔ [10407/10463] Built OAI.MeasureTheory.Falconer.Angular.CapLocalization (6.4s)
✔ [10408/10463] Built OAI.MeasureTheory.Falconer.Estimates.SpatialEndpoint (5.7s)
✔ [10409/10463] Built OAI.MeasureTheory.Falconer.Estimates.SourceProfileEquation25 (5.8s)
✔ [10410/10463] Built OAI.MeasureTheory.Falconer.Fourier.SafeStationaryChart (3.8s)
✔ [10411/10463] Built OAI.MeasureTheory.Falconer.Fourier.MaskedJetBudget (3.8s)
✔ [10412/10463] Built OAI.MeasureTheory.Falconer.Measures.MaskProductBudget (5.5s)
✔ [10413/10463] Built OAI.MeasureTheory.Falconer.Estimates.ValidDescriptors (5.4s)
✔ [10414/10468] Built OAI.MeasureTheory.Falconer.Estimates.SeparatedInverse (3.2s)
✔ [10415/10468] Built OAI.MeasureTheory.Falconer.Estimates.SpatialEndpointFamily (6.9s)
✔ [10416/10468] Built OAI.MeasureTheory.Falconer.Angular.SphereOffPole (9.0s)
✔ [10417/10468] Built OAI.MeasureTheory.Falconer.Recursion.TwoProfileRecursion (7.1s)
✔ [10418/10468] Built OAI.MeasureTheory.Falconer.Geometry.SeparationOrder (3.1s)
✔ [10419/10468] Built OAI.MeasureTheory.Falconer.Estimates.InverseBudget (5.5s)
✔ [10420/10468] Built OAI.MeasureTheory.Falconer.Estimates.AnchoredMasks (5.3s)
✔ [10421/10468] Built OAI.MeasureTheory.Falconer.Measures.BorelProductPartition (2.5s)
✔ [10422/10468] Built OAI.MeasureTheory.Falconer.Recursion.OuterRecursiveTransport (5.2s)
✔ [10423/10468] Built OAI.MeasureTheory.Falconer.Geometry.NormalizedInverseFactors (5.9s)
✔ [10424/10468] Built OAI.MeasureTheory.Falconer.Estimates.OffPoleAmbient (6.4s)
✔ [10425/10468] Built OAI.MeasureTheory.Falconer.Estimates.AnchoredBufferedMasks (5.8s)
✔ [10426/10468] Built OAI.MeasureTheory.Falconer.Fourier.ProductFilterIntegral (2.7s)
✔ [10427/10468] Built OAI.MeasureTheory.Falconer.Estimates.OuterChildProfileBound (6.0s)
✔ [10428/10468] Built OAI.MeasureTheory.Falconer.Angular.SphereStationaryAssembly (6.1s)
✔ [10429/10468] Built OAI.MeasureTheory.Falconer.Angular.AngularEnvelope (7.0s)
✔ [10430/10468] Built OAI.MeasureTheory.Falconer.Estimates.DescriptorMasks (5.0s)
✔ [10431/10468] Built OAI.MeasureTheory.Falconer.Estimates.ClassRecombination (5.3s)
✔ [10432/10468] Built OAI.MeasureTheory.Falconer.Measures.InverseSupport (5.7s)
✔ [10433/10468] Built OAI.MeasureTheory.Falconer.Angular.SphereStationary (6.0s)
✔ [10434/10468] Built OAI.MeasureTheory.Falconer.Graphs.OuterRootGraphBound (10s)
✔ [10435/10468] Built OAI.MeasureTheory.Falconer.Measures.DescriptorProduct (5.7s)
✔ [10436/10468] Built OAI.MeasureTheory.Falconer.Estimates.DescriptorAmbient (5.7s)
✔ [10437/10468] Built OAI.MeasureTheory.Falconer.Estimates.DescriptorExceptional (5.5s)
✔ [10438/10468] Built OAI.MeasureTheory.Falconer.Estimates.ClassBadRecombination (5.2s)
✔ [10439/10468] Built OAI.MeasureTheory.Falconer.Angular.SphereInverse (5.0s)
✔ [10440/10468] Built OAI.MeasureTheory.Falconer.Angular.SphereProduct (5.8s)
✔ [10441/10468] Built OAI.MeasureTheory.Falconer.Measures.AmbientProduct (5.6s)
✔ [10442/10468] Built OAI.MeasureTheory.Falconer.Shells.NormalizedOuterShell (8.8s)
✔ [10443/10468] Built OAI.MeasureTheory.Falconer.Estimates.DescriptorMaskExceptional (5.6s)
✔ [10444/10472] Built OAI.MeasureTheory.Falconer.Shells.DistanceInverse (5.7s)
✔ [10445/10472] Built OAI.MeasureTheory.Falconer.Estimates.CollisionFubini (2.9s)
✔ [10446/10479] Built OAI.MeasureTheory.Falconer.Estimates.GlobalDescriptorBounds (5.7s)
✔ [10447/10481] Built OAI.MeasureTheory.Falconer.Estimates.IndependentClassEquation27 (5.5s)
✔ [10448/10481] Built OAI.MeasureTheory.Falconer.Estimates.DescriptorFiberBad (5.7s)
✔ [10449/10482] Built OAI.MeasureTheory.Falconer.Shells.DistanceLinearization (3.2s)
✔ [10450/10482] Built OAI.MeasureTheory.Falconer.Estimates.FilteredLimit (2.5s)
✔ [10451/10486] Built OAI.MeasureTheory.Falconer.Shells.TwoRootShellDecay (5.6s)
✔ [10452/10486] Built OAI.MeasureTheory.Falconer.Fourier.ReachedMaskJets (5.8s)
✔ [10453/10486] Built OAI.MeasureTheory.Falconer.Estimates.SuffixCollision (3.4s)
✔ [10454/10489] Built OAI.MeasureTheory.Falconer.Estimates.PrunedVariation (2.8s)
✔ [10455/10489] Built OAI.MeasureTheory.Falconer.Estimates.EnergySplitting (3.1s)
✔ [10456/10489] Built OAI.MeasureTheory.Falconer.Estimates.RegularizedCellCounts (5.0s)
✔ [10457/10489] Built OAI.MeasureTheory.Falconer.Shells.TwoRootApproximations (7.4s)
✔ [10458/10495] Built OAI.MeasureTheory.Falconer.Estimates.SuffixGrouping (4.8s)
✔ [10459/10495] Built OAI.MeasureTheory.Falconer.Fourier.DescriptorJetProduct (5.8s)
✔ [10460/10495] Built OAI.MeasureTheory.Falconer.Angular.SuffixDirection (3.5s)
✔ [10461/10495] Built OAI.MeasureTheory.Falconer.Graphs.NearGraph (3.4s)
✔ [10462/10495] Built OAI.MeasureTheory.Falconer.Fourier.JetDerivativeBounds (8.4s)
✔ [10463/10495] Built OAI.MeasureTheory.Falconer.Estimates.RetainedPairs (2.8s)
✔ [10464/10495] Built OAI.MeasureTheory.Falconer.Estimates.DominatedBand (2.6s)
✔ [10465/10495] Built OAI.MeasureTheory.Falconer.Estimates.ConditionalPlanar (6.1s)
✔ [10466/10495] Built OAI.MeasureTheory.Falconer.Fourier.DescriptorJetMeasurable (5.5s)
✔ [10467/10495] Built OAI.MeasureTheory.Falconer.Estimates.SuffixReduction (2.7s)
✔ [10468/10500] Built OAI.MeasureTheory.Falconer.Recursion.ProfileNear (6.3s)
✔ [10469/10500] Built OAI.MeasureTheory.Falconer.Fourier.NormalizedJetDerivatives (6.4s)
✔ [10470/10505] Built OAI.MeasureTheory.Falconer.Estimates.FourPointPartition (2.6s)
✔ [10471/10508] Built OAI.MeasureTheory.Falconer.Fourier.DescriptorJetRemoval (6.1s)
✔ [10472/10509] Built OAI.MeasureTheory.Falconer.Shells.PositiveTests (6.3s)
✔ [10473/10514] Built OAI.MeasureTheory.Falconer.Fourier.UniformJetBudget (6.3s)
✔ [10474/10514] Built OAI.MeasureTheory.Falconer.Radial.FarRadialKernel (6.7s)
✔ [10475/10545] Built OAI.MeasureTheory.Falconer.Fourier.FourStationaryPhases (5.9s)
✔ [10476/10546] Built OAI.MeasureTheory.Falconer.Estimates.SuffixScales (6.4s)
✔ [10477/10546] Built OAI.MeasureTheory.Falconer.Fourier.JetChartControl (6.2s)
✔ [10478/10546] Built OAI.MeasureTheory.Falconer.Angular.SphereFrequency (5.4s)
✔ [10479/10546] Built OAI.MeasureTheory.Falconer.Angular.CapCrossIntegral (5.8s)
✔ [10480/10546] Built OAI.MeasureTheory.Falconer.Geometry.FarCellGeometry (5.3s)
✔ [10481/10546] Built OAI.MeasureTheory.Falconer.Fourier.JetAdmissible (5.5s)
✔ [10482/10546] Built OAI.MeasureTheory.Falconer.Angular.VectorSphereKernel (5.2s)
✔ [10483/10546] Built OAI.MeasureTheory.Falconer.Shells.PositiveSuffix (7.3s)
✔ [10484/10546] Built OAI.MeasureTheory.Falconer.Angular.DyadicCapTerms (5.5s)
✔ [10485/10546] Built OAI.MeasureTheory.Falconer.Estimates.FarCellCount (6.1s)
✔ [10486/10546] Built OAI.MeasureTheory.Falconer.Measures.FarOriginalSupport (6.1s)
✔ [10487/10546] Built OAI.MeasureTheory.Falconer.Angular.FactorizedAngularState (6.0s)
✔ [10488/10546] Built OAI.MeasureTheory.Falconer.Estimates.FarRebin (7.8s)
✔ [10489/10546] Built OAI.MeasureTheory.Falconer.Angular.OriginalAngularKernel (5.6s)
✔ [10490/10546] Built OAI.MeasureTheory.Falconer.Shells.PositiveKernel (5.5s)
✔ [10491/10546] Built OAI.MeasureTheory.Falconer.Shells.PositiveTerminal (5.3s)
✔ [10492/10546] Built OAI.MeasureTheory.Falconer.Fourier.PositiveFourier (5.7s)
✔ [10493/10546] Built OAI.MeasureTheory.Falconer.Estimates.FarOriginalPartition (5.5s)
✔ [10494/10546] Built OAI.MeasureTheory.Falconer.Fourier.JetStateEnvelope (5.5s)
✔ [10495/10546] Built OAI.MeasureTheory.Falconer.Estimates.NearFarSplit (6.7s)
✔ [10496/10546] Built OAI.MeasureTheory.Falconer.Fourier.JetStateOperations (5.5s)
✔ [10497/10547] Built OAI.MeasureTheory.Falconer.Geometry.FarNormalization (5.1s)
✔ [10498/10547] Built OAI.MeasureTheory.Falconer.Estimates.ComparableBands (5.3s)
✔ [10499/10547] Built OAI.MeasureTheory.Falconer.Estimates.EnergyOriginalKernel (5.2s)
✔ [10500/10547] Built OAI.MeasureTheory.Falconer.Shells.PositiveSpatialKernel (5.2s)
✔ [10501/10547] Built OAI.MeasureTheory.Falconer.Shells.PositiveLowFrequency (5.4s)
✔ [10502/10554] Built OAI.MeasureTheory.Falconer.Recursion.FarProfileNormalization (5.2s)
✔ [10503/10554] Built OAI.MeasureTheory.Falconer.Fourier.JetStateAmbient (6.4s)
✔ [10504/10554] Built OAI.MeasureTheory.Falconer.Estimates.Eligibility (3.1s)
✔ [10505/10555] Built OAI.MeasureTheory.Falconer.Graphs.DyadicGraph (2.8s)
✔ [10506/10555] Built OAI.MeasureTheory.Falconer.Estimates.WeightedLowpass (10s)
✔ [10507/10557] Built OAI.MeasureTheory.Falconer.Estimates.CrossOriginalKernel (5.3s)
✔ [10508/10557] Built OAI.MeasureTheory.Falconer.Shells.FarPositiveSum (5.4s)
✔ [10509/10557] Built OAI.MeasureTheory.Falconer.Graphs.WitnessGraph (2.4s)
✔ [10510/10558] Built OAI.MeasureTheory.Falconer.Angular.CapEnergyExpansion (2.4s)
✔ [10511/10562] Built OAI.MeasureTheory.Falconer.Graphs.EligibleDyadicGraph (2.5s)
✔ [10512/10562] Built OAI.MeasureTheory.Falconer.Fourier.JetStateStationary (5.3s)
✔ [10513/10562] Built OAI.MeasureTheory.Falconer.Shells.MaskedDistanceBounds (5.5s)
✔ [10514/10562] Built OAI.MeasureTheory.Falconer.Estimates.RetainedEnergy (2.8s)
✔ [10515/10562] Built OAI.MeasureTheory.Falconer.Angular.CapSymbolBounds (5.1s)
✔ [10516/10565] Built OAI.MeasureTheory.Falconer.Graphs.DescriptorGraph (5.5s)
✔ [10517/10565] Built OAI.MeasureTheory.Falconer.Shells.ShellNonstationary (5.1s)
✔ [10518/10565] Built OAI.MeasureTheory.Falconer.Fourier.JetStateFarExpansion (5.4s)
✔ [10519/10567] Built OAI.MeasureTheory.Falconer.Fourier.JetStateAntipodal (5.5s)
✔ [10520/10567] Built OAI.MeasureTheory.Falconer.Geometry.MaskedGeometry (5.1s)
✔ [10521/10567] Built OAI.MeasureTheory.Falconer.Estimates.MaskedNested (5.1s)
✔ [10522/10567] Built OAI.MeasureTheory.Falconer.Estimates.DyadicEnergyStep (5.6s)
✔ [10523/10567] Built OAI.MeasureTheory.Falconer.Graphs.GraphTestScales (5.3s)
✔ [10524/10567] Built OAI.MeasureTheory.Falconer.Angular.LongitudinalCapTerm (6.0s)
✔ [10525/10567] Built OAI.MeasureTheory.Falconer.Angular.DiscardedCapTerm (5.6s)
✔ [10526/10569] Built OAI.MeasureTheory.Falconer.Fourier.JetStateFarRemainder (5.3s)
✔ [10527/10575] Built OAI.MeasureTheory.Falconer.Fourier.SignedStationary (5.2s)
✔ [10528/10575] Built OAI.MeasureTheory.Falconer.Estimates.DescriptorTestBad (5.2s)
✔ [10529/10575] Built OAI.MeasureTheory.Falconer.Angular.CapPairSymmetry (5.2s)
✔ [10530/10575] Built OAI.MeasureTheory.Falconer.Estimates.MaskedLowBand (5.7s)
✔ [10531/10579] Built OAI.MeasureTheory.Falconer.Graphs.ProfileGraphDegree (5.5s)
✔ [10532/10579] Built OAI.MeasureTheory.Falconer.Angular.LongitudinalCrossTerm (5.3s)
✔ [10533/10581] Built OAI.MeasureTheory.Falconer.Estimates.EligibilityExcision (2.9s)
✔ [10534/10581] Built OAI.MeasureTheory.Falconer.Angular.PerpendicularCrossTerm (5.0s)
✔ [10535/10581] Built OAI.MeasureTheory.Falconer.Estimates.LocalizationSum (2.7s)
✔ [10536/10581] Built OAI.MeasureTheory.Falconer.Radial.SignedRadialKernel (5.7s)
✔ [10537/10581] Built OAI.MeasureTheory.Falconer.Estimates.AllTestsRestoration (5.1s)
✔ [10538/10581] Built OAI.MeasureTheory.Falconer.Estimates.PolicyLowBand (5.3s)
✔ [10539/10586] Built OAI.MeasureTheory.Falconer.Graphs.ProfileGraph (5.6s)
✔ [10540/10586] Built OAI.MeasureTheory.Falconer.Recursion.ProfileExcess (5.0s)
✔ [10541/10586] Built OAI.MeasureTheory.Falconer.Angular.DyadicLongitudinal (6.0s)
✔ [10542/10586] Built OAI.MeasureTheory.Falconer.Angular.IneligibleCapTerms (5.8s)
✔ [10543/10586] Built OAI.MeasureTheory.Falconer.Angular.DyadicPerpendicular (5.3s)
✔ [10544/10586] Built OAI.MeasureTheory.Falconer.Radial.StationaryRadialSum (5.9s)
✔ [10545/10586] Built OAI.MeasureTheory.Falconer.Radial.SingleStationaryRadial (5.7s)
✔ [10546/10586] Built OAI.MeasureTheory.Falconer.Estimates.RegularizationTestBad (5.3s)
✔ [10547/10586] Built OAI.MeasureTheory.Falconer.Estimates.PolicyPrefixLowpass (6.2s)
✔ [10548/10586] Built OAI.MeasureTheory.Falconer.Fourier.DescriptorDerivativeScale (5.4s)
✔ [10549/10586] Built OAI.MeasureTheory.Falconer.Radial.FarRadialIntegral (5.3s)
✔ [10550/10586] Built OAI.MeasureTheory.Falconer.Estimates.DyadicFailedTests (6.5s)
✔ [10551/10586] Built OAI.MeasureTheory.Falconer.Radial.SingleSphereRadial (5.5s)
✔ [10552/10589] Built OAI.MeasureTheory.Falconer.Estimates.DescriptorInverseRegime (5.9s)
✔ [10553/10592] Built OAI.MeasureTheory.Falconer.Fourier.JetStateFarKernel (5.2s)
✔ [10554/10592] Built OAI.MeasureTheory.Falconer.Estimates.DyadicLocalization (5.9s)
✔ [10555/10592] Built OAI.MeasureTheory.Falconer.Angular.RetainedSmallSphere (6.1s)
✔ [10556/10592] Built OAI.MeasureTheory.Falconer.Fourier.InverseMaskJets (4.9s)
✔ [10557/10592] Built OAI.MeasureTheory.Falconer.Angular.NorthRotation (3.0s)
✔ [10558/10592] Built OAI.MeasureTheory.Falconer.Fourier.JetStateFarSupport (5.7s)
✔ [10559/10595] Built OAI.MeasureTheory.Falconer.Graphs.GraphEnergyEstimate (5.2s)
✔ [10560/10595] Built OAI.MeasureTheory.Falconer.Fourier.JetStateNoncomparable (5.2s)
✔ [10561/10595] Built OAI.MeasureTheory.Falconer.Angular.NoncomparableSphereKernel (5.7s)
✔ [10562/10595] Built OAI.MeasureTheory.Falconer.Fourier.DescriptorInverseJets (5.3s)
✔ [10563/10597] Built OAI.MeasureTheory.Falconer.Estimates.RotatedInverse (5.6s)
✔ [10564/10599] Built OAI.MeasureTheory.Falconer.Fourier.MaskJetGeometry (3.4s)
✔ [10565/10599] Built OAI.MeasureTheory.Falconer.Fourier.FarTestedIntegral (5.7s)
✔ [10566/10599] Built OAI.MeasureTheory.Falconer.Graphs.ProfileGraphEstimate (5.5s)
✔ [10567/10599] Built OAI.MeasureTheory.Falconer.Estimates.NoncomparableKernelScale (5.6s)
✔ [10568/10599] Built OAI.MeasureTheory.Falconer.Fourier.JetStateNoncomparableFull (5.5s)
✔ [10569/10599] Built OAI.MeasureTheory.Falconer.Fourier.ComplexMaskJets (7.6s)
✔ [10570/10599] Built OAI.MeasureTheory.Falconer.Fourier.InverseJetSupport (5.9s)
✔ [10571/10599] Built OAI.MeasureTheory.Falconer.Fourier.MaskJetCount (3.9s)
✔ [10572/10599] Built OAI.MeasureTheory.Falconer.Fourier.MaskJetSeed (3.4s)
✔ [10573/10600] Built OAI.MeasureTheory.Falconer.Fourier.NoncomparableOriginalIntegral (5.8s)
✔ [10574/10600] Built OAI.MeasureTheory.Falconer.Fourier.FarCollisionIntegral (6.9s)
✔ [10575/10600] Built OAI.MeasureTheory.Falconer.Angular.AngularJetSymbol (6.2s)
✔ [10576/10600] Built OAI.MeasureTheory.Falconer.Angular.AngularEnvelopeGraph (8.9s)
✔ [10577/10600] Built OAI.MeasureTheory.Falconer.Fourier.MaskJetIsometry (5.2s)
✔ [10578/10600] Built OAI.MeasureTheory.Falconer.Estimates.SeededInverse (5.3s)
✔ [10579/10600] Built OAI.MeasureTheory.Falconer.Fourier.JetStateOriginalEnergy (5.2s)
✔ [10580/10600] Built OAI.MeasureTheory.Falconer.Fourier.OriginalStationaryReplacement (5.7s)
✔ [10581/10600] Built OAI.MeasureTheory.Falconer.Estimates.NoncomparableOriginalPointwise (5.2s)
✔ [10582/10600] Built OAI.MeasureTheory.Falconer.Fourier.MaskedFourier (5.1s)
✔ [10583/10601] Built OAI.MeasureTheory.Falconer.Geometry.FarNormalizedBound (5.1s)
✔ [10584/10610] Built OAI.MeasureTheory.Falconer.Fourier.JetStateChildren (5.2s)
✔ [10585/10610] Built OAI.MeasureTheory.Falconer.Fourier.JetStateCrossKernel (5.0s)
✔ [10586/10610] Built OAI.MeasureTheory.Falconer.Angular.InverseAngularSymbol (5.5s)
✔ [10587/10612] Built OAI.MeasureTheory.Falconer.Fourier.OriginalStationaryPower (5.9s)
✔ [10588/10612] Built OAI.MeasureTheory.Falconer.Estimates.NoncomparableCommonBound (5.1s)
✔ [10589/10612] Built OAI.MeasureTheory.Falconer.Fourier.StationaryWeightCancellation (2.1s)
✔ [10590/10612] Built OAI.MeasureTheory.Falconer.Estimates.FarRegionSplit (4.9s)
✔ [10591/10612] Built OAI.MeasureTheory.Falconer.Estimates.InverseScale (5.0s)
✔ [10592/10612] Built OAI.MeasureTheory.Falconer.Fourier.JetStateNear (5.1s)
✔ [10593/10613] Built OAI.MeasureTheory.Falconer.Estimates.KernelL1Comparison (4.8s)
✔ [10594/10613] Built OAI.MeasureTheory.Falconer.Shells.NormalizedShellCoefficients (4.8s)
✔ [10595/10613] Built OAI.MeasureTheory.Falconer.Estimates.FarRegionScales (5.3s)
✔ [10596/10619] Built OAI.MeasureTheory.Falconer.Estimates.WeightedInverse (5.2s)
✔ [10597/10619] Built OAI.MeasureTheory.Falconer.Fourier.JetStateNearFar (5.3s)
✔ [10598/10619] Built OAI.MeasureTheory.Falconer.Fourier.JetStateFarBand (5.6s)
✔ [10599/10629] Built OAI.MeasureTheory.Falconer.Angular.InverseSphereFubini (5.8s)
✔ [10600/10629] Built OAI.MeasureTheory.Falconer.Estimates.ScaledWeightedInverse (5.3s)
✔ [10601/10630] Built OAI.MeasureTheory.Falconer.Measures.SeparatedSupport (3.3s)
✔ [10602/10630] Built OAI.MeasureTheory.Falconer.Fourier.JetStateFarOriginal (5.1s)
✔ [10603/10630] Built OAI.MeasureTheory.Falconer.Estimates.InverseScalarPullout (5.1s)
✔ [10604/10630] Built OAI.MeasureTheory.Falconer.Fourier.MaskJetSeparation (6.1s)
✔ [10605/10631] Built OAI.MeasureTheory.Falconer.Estimates.FiniteClassFactors (2.9s)
✔ [10606/10637] Built OAI.MeasureTheory.Falconer.Estimates.ScaledInverseRemainder (6.5s)
✔ [10607/10640] Built OAI.MeasureTheory.Falconer.Estimates.PatchedInverseFactors (2.8s)
✔ [10608/10640] Built OAI.MeasureTheory.Falconer.Estimates.FarData (5.3s)
✔ [10609/10640] Built OAI.MeasureTheory.Falconer.Shells.FiniteShellSum (3.0s)
✔ [10610/10640] Built OAI.MeasureTheory.Falconer.Geometry.SeededSeparation (5.4s)
✔ [10611/10640] Built OAI.MeasureTheory.Falconer.Estimates.SpatialSharedRegularity (2.6s)
✔ [10612/10642] Built OAI.MeasureTheory.Falconer.Fourier.SeparatedInverseIntegration (5.5s)
✔ [10613/10642] Built OAI.MeasureTheory.Falconer.Fourier.JetStateBudgetOrder (5.1s)
✔ [10614/10645] Built OAI.MeasureTheory.Falconer.Shells.FiniteSpatialShell (2.6s)
✔ [10615/10645] Built OAI.MeasureTheory.Falconer.Estimates.DescriptorScaledKernel (10s)
✔ [10616/10645] Built OAI.MeasureTheory.Falconer.Estimates.FarPolicyScales (7.7s)
✔ [10617/10648] Built OAI.MeasureTheory.Falconer.Fourier.InverseJetState (5.2s)
✔ [10618/10648] Built OAI.MeasureTheory.Falconer.Shells.ScalarShellError (2.5s)
✔ [10619/10649] Built OAI.MeasureTheory.Falconer.Fourier.ScaledInverseIntegration (5.6s)
✔ [10620/10650] Built OAI.MeasureTheory.Falconer.Angular.ScalarAngularShell (4.0s)
✔ [10621/10650] Built OAI.MeasureTheory.Falconer.Estimates.DescriptorPairBudget (4.8s)
✔ [10622/10650] Built OAI.MeasureTheory.Falconer.Fourier.PolicyJetData (5.4s)
✔ [10623/10650] Built OAI.MeasureTheory.Falconer.Fourier.InverseJetSymbols (5.1s)
✔ [10624/10650] Built OAI.MeasureTheory.Falconer.Estimates.RotatedWeightedInverse (5.2s)
✔ [10625/10650] Built OAI.MeasureTheory.Falconer.Shells.LocalizedScalarShell (5.3s)
✔ [10626/10650] Built OAI.MeasureTheory.Falconer.Recursion.ProfilePairMass (4.8s)
✔ [10627/10655] Built OAI.MeasureTheory.Falconer.Fourier.BaseJetAmplitude (4.7s)
✔ [10628/10656] Built OAI.MeasureTheory.Falconer.Fourier.InverseJetValues (5.4s)
✔ [10629/10656] Built OAI.MeasureTheory.Falconer.Estimates.RotatedInverseRemainder (5.2s)
✔ [10630/10657] Built OAI.MeasureTheory.Falconer.Shells.PolicyPositiveBand (8.7s)
✔ [10631/10657] Built OAI.MeasureTheory.Falconer.Estimates.ScalarInverseTransfer (4.0s)
✔ [10632/10657] Built OAI.MeasureTheory.Falconer.Fourier.RotatedInverseSymbols (5.6s)
✔ [10633/10657] Built OAI.MeasureTheory.Falconer.Estimates.CellClassifier (4.9s)
✔ [10634/10657] Built OAI.MeasureTheory.Falconer.Estimates.DescriptorSeededInverse (5.0s)
✔ [10635/10657] Built OAI.MeasureTheory.Falconer.Shells.DescriptorShellRegime (5.4s)
✔ [10636/10657] Built OAI.MeasureTheory.Falconer.Estimates.RotatedMaskedRemainder (5.0s)
✔ [10637/10662] Built OAI.MeasureTheory.Falconer.Estimates.ScalarErrorBudget (5.0s)
✔ [10638/10662] Built OAI.MeasureTheory.Falconer.Estimates.RotatedInverseExpansion (5.3s)
✔ [10639/10662] Built OAI.MeasureTheory.Falconer.Estimates.DescriptorInverseFactors (4.7s)
✔ [10640/10662] Built OAI.MeasureTheory.Falconer.Estimates.InverseClassExpansion (5.3s)
✔ [10641/10662] Built OAI.MeasureTheory.Falconer.Estimates.FarKernelDataEstimates (5.1s)
✔ [10642/10662] Built OAI.MeasureTheory.Falconer.Fourier.FarIntegralAssembly (4.8s)
✔ [10643/10663] Built OAI.MeasureTheory.Falconer.Estimates.RotatedInverseCoefficient (4.0s)
✔ [10644/10663] Built OAI.MeasureTheory.Falconer.Estimates.UniformDescriptorFactors (4.8s)
✔ [10645/10663] Built OAI.MeasureTheory.Falconer.Fourier.JetStateSpatialShell (4.9s)
✔ [10646/10663] Built OAI.MeasureTheory.Falconer.Fourier.InverseClassIntegration (5.6s)
✔ [10647/10665] Built OAI.MeasureTheory.Falconer.Estimates.FarDataBound (5.4s)
✔ [10648/10665] Built OAI.MeasureTheory.Falconer.Slicing.SliceCoordinates (3.1s)
✔ [10649/10665] Built OAI.MeasureTheory.Falconer.Geometry.NormalizedDescriptorFamily (5.3s)
✔ [10650/10665] Built OAI.MeasureTheory.Falconer.Shells.InverseClassShell (5.1s)
✔ [10651/10665] Built OAI.MeasureTheory.Falconer.Fourier.InverseJetCoefficient (4.9s)
✔ [10652/10669] Built OAI.MeasureTheory.Falconer.Fourier.RotatedInverseIntegration (6.0s)
✔ [10653/10669] Built OAI.MeasureTheory.Falconer.Angular.FarAngularStep (5.2s)
✔ [10654/10669] Built OAI.MeasureTheory.Falconer.Slicing.GaussianSlabBox (5.1s)
✔ [10655/10669] Built OAI.MeasureTheory.Falconer.Fourier.DescriptorPairDerivativeScale (4.9s)
✔ [10656/10675] Built OAI.MeasureTheory.Falconer.Shells.OriginalInverseStateShell (5.1s)
✔ [10657/10682] Built OAI.MeasureTheory.Falconer.Slicing.GaussianKernelGeometry (5.0s)
✔ [10658/10682] Built OAI.MeasureTheory.Falconer.Estimates.FarEnvelope (4.0s)
✔ [10659/10682] Built OAI.MeasureTheory.Falconer.Slicing.GaussianLocalBand (5.7s)
✔ [10660/10682] Built OAI.MeasureTheory.Falconer.Fourier.InverseJetIntegration (5.8s)
✔ [10661/10682] Built OAI.MeasureTheory.Falconer.Slicing.GaussianPointMoment (5.6s)
✔ [10662/10687] Built OAI.MeasureTheory.Falconer.Geometry.FrameEmbedding (5.3s)
✔ [10663/10691] Built OAI.MeasureTheory.Falconer.Slicing.GaussianRowStability (7.1s)
✔ [10664/10691] Built OAI.MeasureTheory.Falconer.Fourier.InverseJetShell (6.2s)
✔ [10665/10691] Built OAI.MeasureTheory.Falconer.Estimates.NonstationaryScales (2.7s)
✔ [10666/10691] Built OAI.MeasureTheory.Falconer.Slicing.GaussianPointBound (5.4s)
✔ [10667/10691] Built OAI.MeasureTheory.Falconer.Slicing.GaussianRowDimension (5.5s)
✔ [10668/10691] Built OAI.MeasureTheory.Falconer.Fourier.JetStateBudget (4.8s)
✔ [10669/10693] Built OAI.MeasureTheory.Falconer.Estimates.DescriptorEnvelope (4.9s)
✔ [10670/10698] Built OAI.MeasureTheory.Falconer.Estimates.NonstationaryPower (2.1s)
✔ [10671/10698] Built OAI.MeasureTheory.Falconer.Shells.RotatedInverseShell (5.5s)
✔ [10672/10698] Built OAI.MeasureTheory.Falconer.Slicing.GaussianPointMass (5.1s)
✔ [10673/10698] Built OAI.MeasureTheory.Falconer.Graphs.GraphTwoErrors (2.4s)
✔ [10674/10698] Built OAI.MeasureTheory.Falconer.Slicing.GaussianControlledRows (5.3s)
✔ [10675/10698] Built OAI.MeasureTheory.Falconer.Angular.CapScaleGeometry (2.2s)
✔ [10676/10698] Built OAI.MeasureTheory.Falconer.Graphs.JetStateGraph (5.0s)
✔ [10677/10698] Built OAI.MeasureTheory.Falconer.Graphs.DyadicRowCount (2.3s)
✔ [10678/10698] Built OAI.MeasureTheory.Falconer.Estimates.RotatedInverseCost (5.8s)
✔ [10679/10704] Built OAI.MeasureTheory.Falconer.Estimates.RotatedInverseScalar (5.3s)
✔ [10680/10704] Built OAI.MeasureTheory.Falconer.Graphs.GraphEnergyError (4.0s)
✔ [10681/10704] Built OAI.MeasureTheory.Falconer.Slicing.GaussianPointClose (5.4s)
✔ [10682/10704] Built OAI.MeasureTheory.Falconer.Graphs.ProfileGraphBudget (4.8s)
✔ [10683/10704] Built OAI.MeasureTheory.Falconer.Graphs.GraphScaleData (5.1s)
✔ [10684/10712] Built OAI.MeasureTheory.Falconer.Fourier.RotatedMaskedJetShell (5.5s)
✔ [10685/10712] Built OAI.MeasureTheory.Falconer.Slicing.GaussianIncidenceAverage (5.6s)
✔ [10686/10712] Built OAI.MeasureTheory.Falconer.Estimates.FarError (5.4s)
✔ [10687/10716] Built OAI.MeasureTheory.Falconer.Graphs.ProfileGraphError (4.0s)
✔ [10688/10718] Built OAI.MeasureTheory.Falconer.Graphs.GraphPolicyScales (6.2s)
✔ [10689/10722] Built OAI.MeasureTheory.Falconer.Estimates.PolicyPrefixScales (7.1s)
✔ [10690/10727] Built OAI.MeasureTheory.Falconer.Slicing.GaussianControlledIncidence (5.5s)
✔ [10691/10727] Built OAI.MeasureTheory.Falconer.Estimates.FarErrorOrder (5.9s)
✔ [10692/10730] Built OAI.MeasureTheory.Falconer.Graphs.PolicyGraphGeometry (4.0s)
✔ [10693/10730] Built OAI.MeasureTheory.Falconer.Graphs.PolicyGraphData (6.9s)
✔ [10694/10730] Built OAI.MeasureTheory.Falconer.Slicing.TransverseFrame (5.4s)
✔ [10695/10730] Built OAI.MeasureTheory.Falconer.Recursion.DimensionalBranchBounds (7.5s)
✔ [10696/10730] Built OAI.MeasureTheory.Falconer.Estimates.PolicyFarStep (5.3s)
✔ [10697/10733] Built OAI.MeasureTheory.Falconer.Geometry.NormalizedSpatialFactors (5.1s)
✔ [10698/10733] Built OAI.MeasureTheory.Falconer.Graphs.PolicyGraphAt (7.0s)
✔ [10699/10735] Built OAI.MeasureTheory.Falconer.Slicing.PlanarSliceGeometry (5.3s)
✔ [10700/10735] Built OAI.MeasureTheory.Falconer.Graphs.PolicyGraphError (5.7s)
✔ [10701/10735] Built OAI.MeasureTheory.Falconer.Fourier.JetNormalization (5.1s)
✔ [10702/10739] Built OAI.MeasureTheory.Falconer.Recursion.TwoProfileEnergy (4.9s)
✔ [10703/10746] Built OAI.MeasureTheory.Falconer.Geometry.PlanarSlopeBalls (5.1s)
✔ [10704/10746] Built OAI.MeasureTheory.Falconer.Estimates.OuterDescriptors (5.5s)
✔ [10705/10746] Built OAI.MeasureTheory.Falconer.Graphs.TwoGraphChildren (5.0s)
✔ [10706/10746] Built OAI.MeasureTheory.Falconer.Graphs.PolicyGraphStep (6.3s)
✔ [10707/10746] Built OAI.MeasureTheory.Falconer.Radial.RadialFreezing (5.2s)
✔ [10708/10746] Built OAI.MeasureTheory.Falconer.Recursion.ProfileEntry (4.8s)
✔ [10709/10746] Built OAI.MeasureTheory.Falconer.Graphs.TwoProfileGraph (5.1s)
✔ [10710/10746] Built OAI.MeasureTheory.Falconer.Graphs.OuterGraphData (6.4s)
✔ [10711/10746] Built OAI.MeasureTheory.Falconer.Fourier.PolicyJetChildren (4.8s)
✔ [10712/10751] Built OAI.MeasureTheory.Falconer.Graphs.PolicyGraphAtStep (5.0s)
✔ [10713/10753] Built OAI.MeasureTheory.Falconer.Recursion.PolicyBranchCoefficients (4.0s)
✔ [10714/10754] Built OAI.MeasureTheory.Falconer.Geometry.CellNorthFrame (5.1s)
✔ [10715/10754] Built OAI.MeasureTheory.Falconer.Graphs.TwoGraphScales (4.6s)
✔ [10716/10754] Built OAI.MeasureTheory.Falconer.Recursion.PolicyTerminal (4.9s)
✔ [10717/10754] Built OAI.MeasureTheory.Falconer.Recursion.TwoProfileInverse (4.9s)
✔ [10718/10760] Built OAI.MeasureTheory.Falconer.Estimates.PolicyFarCoefficients (5.0s)
✔ [10719/10760] Built OAI.MeasureTheory.Falconer.Estimates.PolicySuffixRecurrence (5.6s)
✔ [10720/10760] Built OAI.MeasureTheory.Falconer.Graphs.PolicyGraphRecurrence (4.8s)
✔ [10721/10760] Built OAI.MeasureTheory.Falconer.Shells.EndpointWeightedDistance (5.9s)
✔ [10722/10760] Built OAI.MeasureTheory.Falconer.Recursion.TwoProfileInverseCost (6.1s)
✔ [10723/10761] Built OAI.MeasureTheory.Falconer.Estimates.PolicyScalarConversion (7.8s)
✔ [10724/10761] Built OAI.MeasureTheory.Falconer.Fourier.TwoProfileInverseIntegration (5.8s)
✔ [10725/10761] Built OAI.MeasureTheory.Falconer.Estimates.PolicyFarRecurrence (5.5s)
✔ [10726/10762] Built OAI.MeasureTheory.Falconer.Fourier.TwoProfileDerivatives (4.6s)
✔ [10727/10768] Built OAI.MeasureTheory.Falconer.Angular.PolicyAngularBranches (4.7s)
✔ [10728/10768] Built OAI.MeasureTheory.Falconer.Graphs.PolicyGraphAtRecurrence (4.8s)
✔ [10729/10768] Built OAI.MeasureTheory.Falconer.Estimates.FinitePartitionMask (2.4s)
✔ [10730/10768] Built OAI.MeasureTheory.Falconer.Shells.FilteredEndpointDistance (4.8s)
✔ [10731/10772] Built OAI.MeasureTheory.Falconer.Recursion.TwoProfileInverseIntegrable (5.5s)
✔ [10732/10772] Built OAI.MeasureTheory.Falconer.Estimates.PairExceptional (5.0s)
✔ [10733/10774] Built OAI.MeasureTheory.Falconer.Measures.PartitionMaskedMeasure (2.4s)
✔ [10734/10774] Built OAI.MeasureTheory.Falconer.Shells.PolicyPrefixShell (7.5s)
✔ [10735/10774] Built OAI.MeasureTheory.Falconer.Shells.OriginalClassDistance (4.8s)
✔ [10736/10774] Built OAI.MeasureTheory.Falconer.Shells.TwoProfileInverseShell (5.7s)
✔ [10737/10774] Built OAI.MeasureTheory.Falconer.Estimates.ClassPairWeights (4.7s)
✔ [10738/10780] Built OAI.MeasureTheory.Falconer.Shells.PartitionEndpointDistance (5.8s)
✔ [10739/10780] Built OAI.MeasureTheory.Falconer.Shells.FilteredClassShell (5.0s)
✔ [10740/10782] Built OAI.MeasureTheory.Falconer.Recursion.TwoProfileInverseScalar (5.2s)
✔ [10741/10782] Built OAI.MeasureTheory.Falconer.Shells.PolicyPositiveRecurrence (6.6s)
✔ [10742/10782] Built OAI.MeasureTheory.Falconer.Measures.ProductPartitionMask (4.8s)
✔ [10743/10782] Built OAI.MeasureTheory.Falconer.Measures.SpatialRestriction (4.7s)
✔ [10744/10786] Built OAI.MeasureTheory.Falconer.Estimates.ScopedMaskVariation (2.3s)
✔ [10745/10787] Built OAI.MeasureTheory.Falconer.Angular.SphereCapCenters (2.4s)
✔ [10746/10787] Built OAI.MeasureTheory.Falconer.Shells.TwoProfileMaskedShell (5.4s)
✔ [10747/10787] Built OAI.MeasureTheory.Falconer.Shells.PolicyPositiveBranches (5.1s)
✔ [10748/10790] Built OAI.MeasureTheory.Falconer.Fourier.AssemblyCutoff (3.5s)
✔ [10749/10790] Built OAI.MeasureTheory.Falconer.Estimates.PolicyCommonBudgets (8.5s)
✔ [10750/10790] Built OAI.MeasureTheory.Falconer.Radial.RadialSphereBounds (5.9s)
✔ [10751/10790] Built OAI.MeasureTheory.Falconer.Recursion.PolicyFarSuccessors (5.3s)
✔ [10752/10790] Built OAI.MeasureTheory.Falconer.Shells.AssemblyLosses (5.4s)
✔ [10753/10790] Built OAI.MeasureTheory.Falconer.Recursion.PolicyRecursionBounds (5.7s)
✔ [10754/10797] Built OAI.MeasureTheory.Falconer.Angular.OriginalFiberCaps (5.0s)
✔ [10755/10797] Built OAI.MeasureTheory.Falconer.Estimates.OuterScalarConversion (12s)
✔ [10756/10799] Built OAI.MeasureTheory.Falconer.Estimates.PolicyEnergy (5.1s)
✔ [10757/10799] Built OAI.MeasureTheory.Falconer.Estimates.RestorationSeries (4.7s)
✔ [10758/10799] Built OAI.MeasureTheory.Falconer.Shells.MonotoneShellVariation (2.3s)
✔ [10759/10799] Built OAI.MeasureTheory.Falconer.Angular.OriginalCapRemoval (4.8s)
✔ [10760/10799] Built OAI.MeasureTheory.Falconer.Geometry.SimilarityGeometry (2.5s)
✔ [10761/10799] Built OAI.MeasureTheory.Falconer.Measures.MonotoneMeasureMass (2.2s)
✔ [10762/10799] Built OAI.MeasureTheory.Falconer.Estimates.PolicyEnergySteps (5.8s)
✔ [10763/10799] Built OAI.MeasureTheory.Falconer.Shells.AssemblyErrorBound (5.2s)
✔ [10764/10801] Built OAI.MeasureTheory.Falconer.Measures.SimilarityMeasures (3.5s)
✔ [10765/10801] Built OAI.MeasureTheory.Falconer.Estimates.MonotoneLowpass (3.3s)
✔ [10766/10804] Built OAI.MeasureTheory.Falconer.Estimates.OuterRestrictedConversion (12s)
✔ [10767/10804] Built OAI.MeasureTheory.Falconer.Shells.PositiveRestriction (2.5s)
✔ [10768/10808] Built OAI.MeasureTheory.Falconer.Shells.MonotoneShellCriterion (3.2s)
✔ [10769/10811] Built OAI.MeasureTheory.Falconer.Estimates.PolicyEnergyInduction (5.5s)
✔ [10770/10811] Built OAI.MeasureTheory.Falconer.Measures.DensityTruncation (2.7s)
✔ [10771/10816] Built OAI.MeasureTheory.Falconer.Shells.FilteredShellEndgame (2.5s)
✔ [10772/10816] Built OAI.MeasureTheory.Falconer.Estimates.ProjectedPair (5.6s)
✔ [10773/10816] Built OAI.MeasureTheory.Falconer.Angular.GnomonicInverse (5.2s)
✔ [10774/10816] Built OAI.MeasureTheory.Falconer.Estimates.RotatedLaws (5.3s)
✔ [10775/10816] Built OAI.MeasureTheory.Falconer.Angular.IntegerCaps (3.1s)
✔ [10776/10816] Built OAI.MeasureTheory.Falconer.Shells.DecayEndgame (2.8s)
✔ [10777/10820] Built OAI.MeasureTheory.Falconer.Radial.RadialMomentParameters (2.6s)
✔ [10778/10823] Built OAI.MeasureTheory.Falconer.Recursion.PolicyWeightedRecursion (9.4s)
✔ [10779/10823] Built OAI.MeasureTheory.Falconer.Radial.RadialMoments (2.5s)
✔ [10780/10823] Built OAI.MeasureTheory.Falconer.Angular.GnomonicLaw (4.7s)
✔ [10781/10823] Built OAI.MeasureTheory.Falconer.Angular.DirectionDistance (2.4s)
✔ [10782/10831] Built OAI.MeasureTheory.Falconer.Geometry.TwoProjectionCubes (5.2s)
✔ [10783/10833] Built OAI.MeasureTheory.Falconer.Estimates.PolicyRootDecay (4.8s)
✔ [10784/10833] Built OAI.MeasureTheory.Falconer.Estimates.DilationNoncharging (4.9s)
✔ [10785/10833] Built OAI.MeasureTheory.Falconer.Geometry.EuclideanBallNet (2.4s)
✔ [10786/10836] Built OAI.MeasureTheory.Falconer.Angular.GnomonicCap (5.4s)
✔ [10787/10836] Built OAI.MeasureTheory.Falconer.Measures.MeanProbability (2.4s)
✔ [10788/10836] Built OAI.MeasureTheory.Falconer.Estimates.PolicyRootApplication (4.0s)
✔ [10789/10836] Built OAI.MeasureTheory.Falconer.Geometry.TwoProjectionFrame (5.3s)
✔ [10790/10836] Built OAI.MeasureTheory.Falconer.Radial.AffinePlaneCover (2.4s)
✔ [10791/10836] Built OAI.MeasureTheory.Falconer.Radial.HeavyPlateCells (2.2s)
✔ [10792/10836] Built OAI.MeasureTheory.Falconer.Angular.SphereCapBox (4.0s)
✔ [10793/10836] Built OAI.MeasureTheory.Falconer.Estimates.PolicyRootCoefficient (5.3s)
✔ [10794/10836] Built OAI.MeasureTheory.Falconer.Estimates.TwoPolicyEnergy (4.9s)
✔ [10795/10836] Built OAI.MeasureTheory.Falconer.Angular.FlexibleAngularRoot (5.0s)
✔ [10796/10836] Built OAI.MeasureTheory.Falconer.Radial.AffinePlaneFrostman (2.6s)
✔ [10797/10836] Built OAI.MeasureTheory.Falconer.Radial.HeavyPlateCover (2.4s)
✔ [10798/10836] Built OAI.MeasureTheory.Falconer.Geometry.TwoProjectionPieces (5.2s)
✔ [10799/10836] Built OAI.MeasureTheory.Falconer.Angular.SphereCapBound (4.9s)
✔ [10800/10843] Built OAI.MeasureTheory.Falconer.Recursion.TwoRootGain (4.0s)
✔ [10801/10843] Built OAI.MeasureTheory.Falconer.Graphs.FlexibleGraphChild (4.0s)
✔ [10802/10843] Built OAI.MeasureTheory.Falconer.Radial.AffineSubspaceFrostman (3.2s)
✔ [10803/10845] Built OAI.MeasureTheory.Falconer.Estimates.PlanarGainNumerics (3.0s)
✔ [10804/10845] Built OAI.MeasureTheory.Falconer.Geometry.TwoProjectionPiecePair (5.3s)
✔ [10805/10845] Built OAI.MeasureTheory.Falconer.Radial.PublishedRadialMoment (4.5s)
✔ [10806/10845] Built OAI.MeasureTheory.Falconer.Graphs.OuterGraphStep (10s)
✔ [10807/10845] Built OAI.MeasureTheory.Falconer.Radial.PublishedHeavyPlates (2.2s)
✔ [10808/10846] Built OAI.MeasureTheory.Falconer.Estimates.UniformLowerPlanes (2.8s)
✔ [10809/10846] Built OAI.MeasureTheory.Falconer.Slicing.GaussianLossAbsorption (2.5s)
✔ [10810/10846] Built OAI.MeasureTheory.Falconer.Radial.UnitHeavyPlateCover (2.2s)
✔ [10811/10846] Built OAI.MeasureTheory.Falconer.Geometry.TwoNormalProjection (2.6s)
✔ [10812/10853] Built OAI.MeasureTheory.Falconer.Angular.PublishedIntegerCaps (4.7s)
✔ [10813/10853] Built OAI.MeasureTheory.Falconer.Estimates.OuterRootGain (5.3s)
✔ [10814/10853] Built OAI.MeasureTheory.Falconer.Estimates.DyadicLossAbsorption (2.6s)
✔ [10815/10853] Built OAI.MeasureTheory.Falconer.Estimates.EndpointCountBudget (2.7s)
✔ [10816/10854] Built OAI.MeasureTheory.Falconer.Radial.VanishingSlabs (2.5s)
✔ [10817/10854] Built OAI.MeasureTheory.Falconer.Radial.BoundedHeavyPlateCover (5.4s)
✔ [10818/10856] Built OAI.MeasureTheory.Falconer.Angular.EvenStartingCaps (5.0s)
✔ [10819/10856] Built OAI.MeasureTheory.Falconer.Angular.TwoProjectionIntegerCaps (5.1s)
✔ [10820/10856] Built OAI.MeasureTheory.Falconer.Estimates.EndpointPowerAbsorption (2.5s)
✔ [10821/10856] Built OAI.MeasureTheory.Falconer.Radial.AffineSlabCluster (2.4s)
✔ [10822/10856] Built OAI.MeasureTheory.Falconer.Angular.OuterAngularBound (6.5s)
✔ [10823/10859] Built OAI.MeasureTheory.Falconer.Radial.OriginalHeavyPlateCover (4.5s)
✔ [10824/10859] Built OAI.MeasureTheory.Falconer.Estimates.EvenPreparation (4.6s)
✔ [10825/10859] Built OAI.MeasureTheory.Falconer.Measures.ExceptionalFiberMass (2.2s)
✔ [10826/10859] Built OAI.MeasureTheory.Falconer.Estimates.OuterParameters (10s)
✔ [10827/10859] Built OAI.MeasureTheory.Falconer.Geometry.NormalSeparation (2.3s)
✔ [10828/10859] Built OAI.MeasureTheory.Falconer.Estimates.EndpointDyadicScale (2.4s)
✔ [10829/10859] Built OAI.MeasureTheory.Falconer.Radial.UniformVanishingSlabs (2.7s)
✔ [10830/10859] Built OAI.MeasureTheory.Falconer.Recursion.OuterEntryGain (4.9s)
✔ [10831/10862] Built OAI.MeasureTheory.Falconer.Radial.DyadicHeavyCover (4.9s)
✔ [10832/10864] Built OAI.MeasureTheory.Falconer.Estimates.PreparedPair (4.7s)
✔ [10833/10864] Built OAI.MeasureTheory.Falconer.Radial.PlateScales (2.6s)
✔ [10834/10864] Built OAI.MeasureTheory.Falconer.Radial.TwoSlabGeometry (3.1s)
✔ [10835/10867] Built OAI.MeasureTheory.Falconer.Radial.UniformAffineSlabs (2.3s)
✔ [10836/10867] Built OAI.MeasureTheory.Falconer.Measures.FirstExclusionMass (2.2s)
✔ [10837/10867] Built OAI.MeasureTheory.Falconer.Radial.PlateLossSeries (2.3s)
✔ [10838/10868] Built OAI.MeasureTheory.Falconer.Radial.PlateScaleChoices (2.5s)
✔ [10839/10868] Built OAI.MeasureTheory.Falconer.Radial.InitialPlateCover (2.5s)
✔ [10840/10868] Built OAI.MeasureTheory.Falconer.Radial.TwoSlabMass (2.4s)
✔ [10841/10872] Built OAI.MeasureTheory.Falconer.Radial.CoarsePlateFilter (2.2s)
✔ [10842/10872] Built OAI.MeasureTheory.Falconer.Angular.OuterAngularDecay (7.6s)
✔ [10843/10874] Built OAI.MeasureTheory.Falconer.Estimates.FirstExclusionShift (2.3s)
✔ [10844/10876] Built OAI.MeasureTheory.Falconer.Radial.FinitePlateException (2.4s)
✔ [10845/10876] Built OAI.MeasureTheory.Falconer.Radial.CoarsePlateCells (2.3s)
✔ [10846/10876] Built OAI.MeasureTheory.Falconer.Radial.CoarsePlateLimit (2.2s)
✔ [10847/10876] Built OAI.MeasureTheory.Falconer.Estimates.CoarseFloorPowers (2.4s)
✔ [10848/10876] Built OAI.MeasureTheory.Falconer.Radial.RadialScaleIntersection (4.6s)
✔ [10849/10876] Built OAI.MeasureTheory.Falconer.Shells.RegularRestrictedShell (5.5s)
✔ [10850/10876] Built OAI.MeasureTheory.Falconer.Shells.RegularOuterShell (5.4s)
✔ [10851/10876] Built OAI.MeasureTheory.Falconer.Radial.PlatePowerBudget (2.4s)
✔ [10852/10876] Built OAI.MeasureTheory.Falconer.Radial.LatePlateFiber (2.5s)
✔ [10853/10879] Built OAI.MeasureTheory.Falconer.Radial.CoarsePlateSymmetry (2.2s)
✔ [10854/10881] Built OAI.MeasureTheory.Falconer.Radial.PlatePairLoss (2.3s)
✔ [10855/10881] Built OAI.MeasureTheory.Falconer.Radial.RadialDyadicBracket (4.8s)
✔ [10856/10881] Built OAI.MeasureTheory.Falconer.Estimates.RegularRoot (4.8s)
✔ [10857/10882] Built OAI.MeasureTheory.Falconer.Radial.InitialPlateLoss (2.8s)
✔ [10858/10882] Built OAI.MeasureTheory.Falconer.Slicing.GaussianBallMeasurable (4.8s)
✔ [10859/10882] Built OAI.MeasureTheory.Falconer.Radial.LatePlatePowerLoss (2.5s)
✔ [10860/10882] Built OAI.MeasureTheory.Falconer.Geometry.BallTruncation (2.7s)
✔ [10861/10882] Built OAI.MeasureTheory.Falconer.Estimates.TruncatedDyadicBound (4.6s)
✔ [10862/10887] Built OAI.MeasureTheory.Falconer.Shells.RegularClassShell (4.9s)
✔ [10863/10887] Built OAI.MeasureTheory.Falconer.Estimates.RegularListRestoration (4.6s)
✔ [10864/10889] Built OAI.MeasureTheory.Falconer.Slicing.GaussianPointCloseBound (4.9s)
✔ [10865/10889] Built OAI.MeasureTheory.Falconer.Radial.LatePlateTail (2.8s)
✔ [10866/10889] Built OAI.MeasureTheory.Falconer.Incidence.FiniteBallPruning (2.7s)
✔ [10867/10889] Built OAI.MeasureTheory.Falconer.Slicing.GaussianRestrictedMass (5.3s)
✔ [10868/10889] Built OAI.MeasureTheory.Falconer.Slicing.GaussianCloseBound (3.2s)
✔ [10869/10889] Built OAI.MeasureTheory.Falconer.Measures.ProductRestrictionLoss (1.9s)
✔ [10870/10889] Built OAI.MeasureTheory.Falconer.Radial.CoarsePlateAffineBound (4.9s)
✔ [10871/10895] Built OAI.MeasureTheory.Falconer.Estimates.RegularOuterMask (4.7s)
✔ [10872/10895] Built OAI.MeasureTheory.Falconer.Slicing.GaussianBallTruncation (3.0s)
✔ [10873/10895] Built OAI.MeasureTheory.Falconer.Radial.CoarsePlatePositive (5.2s)
✔ [10874/10895] Built OAI.MeasureTheory.Falconer.Slicing.GaussianPairRestrictions (4.0s)
✔ [10875/10895] Built OAI.MeasureTheory.Falconer.Radial.CoarsePlateDirections (4.8s)
✔ [10876/10896] Built OAI.MeasureTheory.Falconer.Slicing.GaussianSliceTail (2.8s)
✔ [10877/10899] Built OAI.MeasureTheory.Falconer.Estimates.RegularizationPairMask (4.9s)
✔ [10878/10899] Built OAI.MeasureTheory.Falconer.Slicing.GaussianPointTruncation (4.0s)
✔ [10879/10899] Built OAI.MeasureTheory.Falconer.Radial.CoarsePlatePreparation (5.0s)
✔ [10880/10899] Built OAI.MeasureTheory.Falconer.Slicing.GaussianParameterSupport (4.8s)
✔ [10881/10899] Built OAI.MeasureTheory.Falconer.Slicing.GaussianIncidenceTail (5.4s)
✔ [10882/10902] Built OAI.MeasureTheory.Falconer.Slicing.SliceSelectionMean (1.8s)
✔ [10883/10907] Built OAI.MeasureTheory.Falconer.Estimates.RegularizationPairBounds (4.0s)
✔ [10884/10907] Built OAI.MeasureTheory.Falconer.Estimates.SourceFamily (4.7s)
✔ [10885/10911] Built OAI.MeasureTheory.Falconer.Slicing.GaussianFinitePruning (4.0s)
✔ [10886/10913] Built OAI.MeasureTheory.Falconer.Slicing.SliceDirectionDeletion (1.8s)
✔ [10887/10913] Built OAI.MeasureTheory.Falconer.Slicing.GaussianActiveCount (4.8s)
✔ [10888/10915] Built OAI.MeasureTheory.Falconer.Shells.ClassPairDistance (4.9s)
✔ [10889/10915] Built OAI.MeasureTheory.Falconer.Slicing.GaussianPruningSets (5.2s)
✔ [10890/10917] Built OAI.MeasureTheory.Falconer.Slicing.GaussianMomentWeights (4.9s)
✔ [10891/10917] Built OAI.MeasureTheory.Falconer.Slicing.GaussianActiveFamily (5.0s)
✔ [10892/10917] Built OAI.MeasureTheory.Falconer.Estimates.RegularizationVariation (5.1s)
✔ [10893/10917] Built OAI.MeasureTheory.Falconer.Estimates.PlanarGain (2.6s)
✔ [10894/10917] Built OAI.MeasureTheory.Falconer.Shells.ClassPairShell (4.9s)
✔ [10895/10917] Built OAI.MeasureTheory.Falconer.Slicing.GaussianLabelCost (4.9s)
✔ [10896/10919] Built OAI.MeasureTheory.Falconer.Slicing.GaussianPrunedIncidence (5.8s)
✔ [10897/10919] Built OAI.MeasureTheory.Falconer.Geometry.PlanarChartRepair (4.9s)
✔ [10898/10919] Built OAI.MeasureTheory.Falconer.Radial.PlanarUnitTubeGain (4.9s)
✔ [10899/10922] Built OAI.MeasureTheory.Falconer.Shells.RegularizationScalarShell (5.2s)
✔ [10900/10923] Built OAI.MeasureTheory.Falconer.Slicing.GaussianPruningCosts (5.1s)
✔ [10901/10923] Built OAI.MeasureTheory.Falconer.Slicing.GaussianPrunedMass (4.9s)
✔ [10902/10923] Built OAI.MeasureTheory.Falconer.Slicing.SliceBallTransfer (3.2s)
✔ [10903/10925] Built OAI.MeasureTheory.Falconer.Slicing.GaussianSelectPruned (5.1s)
✔ [10904/10927] Built OAI.MeasureTheory.Falconer.Radial.PlanarAETubeGain (5.1s)
✔ [10905/10927] Built OAI.MeasureTheory.Falconer.Slicing.SliceTubeGeometry (3.8s)
✔ [10906/10927] Built OAI.MeasureTheory.Falconer.Shells.UnitPairEndgame (6.7s)
✔ [10907/10927] Built OAI.MeasureTheory.Falconer.Slicing.GaussianPruningLedger (5.5s)
✔ [10908/10927] Built OAI.MeasureTheory.Falconer.Slicing.GaussianActiveLoss (5.1s)
✔ [10909/10927] Built OAI.MeasureTheory.Falconer.Geometry.TubeAnchorNet (2.8s)
✔ [10910/10927] Built OAI.MeasureTheory.Falconer.Slicing.GaussianKernelCoordinates (5.4s)
✔ [10911/10927] Built OAI.MeasureTheory.Falconer.Slicing.GaussianPrunedPair (5.7s)
✔ [10912/10927] Built OAI.MeasureTheory.Falconer.Slicing.SliceIncidence (2.6s)
✔ [10913/10927] Built OAI.MeasureTheory.Falconer.Slicing.SlicePruningRatios (5.1s)
✔ [10914/10931] Built OAI.MeasureTheory.Falconer.Slicing.OrientedSlice (6.8s)
✔ [10915/10933] Built OAI.MeasureTheory.Falconer.Slicing.GaussianControlledLedger (5.4s)
✔ [10916/10935] Built OAI.MeasureTheory.Falconer.Slicing.GaussianTubeGeometry (5.5s)
✔ [10917/10936] Built OAI.MeasureTheory.Falconer.Slicing.SliceMapBalls (1.7s)
✔ [10918/10938] Built OAI.MeasureTheory.Falconer.Slicing.GaussianActiveRelation (5.2s)
✔ [10919/10938] Built OAI.MeasureTheory.Falconer.Slicing.SliceBudget (5.0s)
✔ [10920/10939] Built OAI.MeasureTheory.Falconer.Slicing.SliceScaling (4.8s)
✔ [10921/10939] Built OAI.MeasureTheory.Falconer.Geometry.TruncatedDyadicBalls (5.3s)
✔ [10922/10939] Built OAI.MeasureTheory.Falconer.Geometry.PolynomialNormalization (2.7s)
✔ [10923/10941] Built OAI.MeasureTheory.Falconer.Slicing.GaussianMapBalls (6.3s)
✔ [10924/10941] Built OAI.MeasureTheory.Falconer.Slicing.GaussianActiveCover (4.8s)
✔ [10925/10942] Built OAI.MeasureTheory.Falconer.Slicing.GaussianSelectActive (4.8s)
✔ [10926/10942] Built OAI.MeasureTheory.Falconer.Slicing.GaussianBandRestriction (4.7s)
✔ [10927/10943] Built OAI.MeasureTheory.Falconer.Slicing.GaussianScaleBudget (4.0s)
✔ [10928/10943] Built OAI.MeasureTheory.Falconer.Slicing.GaussianPlanarChart (6.3s)
✔ [10929/10943] Built OAI.MeasureTheory.Falconer.Slicing.GaussianThreshold (4.9s)
✔ [10930/10944] Built OAI.MeasureTheory.Falconer.Angular.CappedActiveCover (5.2s)
✔ [10931/10946] Built OAI.MeasureTheory.Falconer.Slicing.GaussianPrunedBalls (8.3s)
✔ [10932/10946] Built OAI.MeasureTheory.Falconer.Slicing.GaussianOriginalSlice (5.0s)
✔ [10933/10948] Built OAI.MeasureTheory.Falconer.Estimates.PlanarLossBudget (4.6s)
✔ [10934/10948] Built OAI.MeasureTheory.Falconer.Geometry.ActiveCoverScale (2.3s)
✔ [10935/10948] Built OAI.MeasureTheory.Falconer.Angular.OriginalDirectionChart (2.6s)
✔ [10936/10948] Built OAI.MeasureTheory.Falconer.Slicing.GaussianMomentScale (4.0s)
✔ [10937/10955] Built OAI.MeasureTheory.Falconer.Estimates.PlanarSelectedGain (6.6s)
✔ [10938/10955] Built OAI.MeasureTheory.Falconer.Radial.TubeCoverChoice (1.8s)
✔ [10939/10957] Built OAI.MeasureTheory.Falconer.Slicing.OrientedSliceBalls (7.3s)
✔ [10940/10959] Built OAI.MeasureTheory.Falconer.Slicing.SmallGaussianChart (3.2s)
✔ [10941/10961] Built OAI.MeasureTheory.Falconer.Slicing.GaussianPolynomialSlice (5.3s)
✔ [10942/10961] Built OAI.MeasureTheory.Falconer.Radial.TubeCoverEnumeration (2.1s)
✔ [10943/10961] Built OAI.MeasureTheory.Falconer.Incidence.PowerIncidenceMass (1.9s)
✔ [10944/10961] Built OAI.MeasureTheory.Falconer.Measures.OriginalCoverRestriction (4.9s)
✔ [10945/10961] Built OAI.MeasureTheory.Falconer.Slicing.GaussianDyadicGeometry (5.6s)
✔ [10946/10966] Built OAI.MeasureTheory.Falconer.Slicing.DyadicSliceSelection (5.0s)
✔ [10947/10968] Built OAI.MeasureTheory.Falconer.Radial.MeasurableTubeCover (2.7s)
✔ [10948/10973] Built OAI.MeasureTheory.Falconer.Radial.RadialBadWitness (4.7s)
✔ [10949/10973] Built OAI.MeasureTheory.Falconer.Geometry.IntegerRectangle (2.3s)
✔ [10950/10973] Built OAI.MeasureTheory.Falconer.Geometry.TransverseGridCoordinates (2.6s)
✔ [10951/10973] Built OAI.MeasureTheory.Falconer.Angular.BadDirectionEnvelope (2.5s)
✔ [10952/10973] Built OAI.MeasureTheory.Falconer.Estimates.FiniteOverlap (1.8s)
✔ [10953/10973] Built OAI.MeasureTheory.Falconer.Estimates.FiniteAnchorLabels (2.3s)
✔ [10954/10973] Built OAI.MeasureTheory.Falconer.Slicing.GaussianFrostmanTransfer (5.7s)
✔ [10955/10973] Built OAI.MeasureTheory.Falconer.Incidence.PublishedLoomisWhitney (2.2s)
✔ [10956/10973] Built OAI.MeasureTheory.Falconer.Angular.BadDirectionSelection (2.3s)
✔ [10957/10981] Built OAI.MeasureTheory.Falconer.Geometry.IntegerBox (2.3s)
✔ [10958/10985] Built OAI.MeasureTheory.Falconer.Radial.PreparedTubeRelation (4.0s)
✔ [10959/10985] Built OAI.MeasureTheory.Falconer.Geometry.TripleGridRounding (5.2s)
✔ [10960/10987] Built OAI.MeasureTheory.Falconer.Geometry.GeneralTransverseGrid (2.8s)
✔ [10961/10987] Built OAI.MeasureTheory.Falconer.Slicing.GaussianPlanarExclusion (6.7s)
✔ [10962/10987] Built OAI.MeasureTheory.Falconer.Geometry.NormalizedTripleGram (2.7s)
✔ [10963/10989] Built OAI.MeasureTheory.Falconer.Radial.RadialCollisionDeletion (4.8s)
✔ [10964/10991] Built OAI.MeasureTheory.Falconer.Radial.HeavyCoverCount (2.5s)
✔ [10965/10991] Built OAI.MeasureTheory.Falconer.Angular.WitnessDirection (4.9s)
✔ [10966/10991] Built OAI.MeasureTheory.Falconer.Geometry.GeneralGridRounding (4.9s)
✔ [10967/10991] Built OAI.MeasureTheory.Falconer.Angular.GnomonicPairGram (2.7s)
✔ [10968/10991] Built OAI.MeasureTheory.Falconer.Measures.RepresentedPruning (4.7s)
✔ [10969/10991] Built OAI.MeasureTheory.Falconer.Incidence.RadialZoomFiniteBalls (5.1s)
✔ [10970/10995] Built OAI.MeasureTheory.Falconer.Radial.RadialZoomPruning (4.8s)
✔ [10971/10995] Built OAI.MeasureTheory.Falconer.Angular.ControlledAngularGain (10s)
✔ [10972/10995] Built OAI.MeasureTheory.Falconer.Angular.GnomonicTripleAngle (2.9s)
✔ [10973/10995] Built OAI.MeasureTheory.Falconer.Geometry.GridBallOverlap (4.9s)
✔ [10974/10995] Built OAI.MeasureTheory.Falconer.Radial.MiddleRadialTransport (4.9s)
✔ [10975/10995] Built OAI.MeasureTheory.Falconer.Radial.RadialAngleCaps (2.7s)
✔ [10976/10995] Built OAI.MeasureTheory.Falconer.Recursion.ProfileIncrementFrostman (4.8s)
✔ [10977/11002] Built OAI.MeasureTheory.Falconer.Radial.HeavyProjectedCover (4.8s)
✔ [10978/11005] Built OAI.MeasureTheory.Falconer.Geometry.CellNormalization (5.1s)
✔ [10979/11005] Built OAI.MeasureTheory.Falconer.Radial.ReverseRadialGeometry (5.9s)
✔ [10980/11008] Built OAI.MeasureTheory.Falconer.Incidence.FrozenHeavyCover (6.6s)
✔ [10981/11008] Built OAI.MeasureTheory.Falconer.Estimates.SourceClassMiddleData (4.6s)
✔ [10982/11008] Built OAI.MeasureTheory.Falconer.Radial.RadialCollisionWidths (4.6s)
✔ [10983/11008] Built OAI.MeasureTheory.Falconer.Geometry.NonendpointChartGain (15s)
✔ [10984/11008] Built OAI.MeasureTheory.Falconer.Radial.ReverseRadialMass (4.6s)
✔ [10985/11008] Built OAI.MeasureTheory.Falconer.Angular.TubeDirectionRobustness (4.7s)
✔ [10986/11008] Built OAI.MeasureTheory.Falconer.Incidence.BoundedFrozenHeavyCover (4.8s)
✔ [10987/11008] Built OAI.MeasureTheory.Falconer.Measures.OriginalConditionalFrostman (4.9s)
✔ [10988/11013] Built OAI.MeasureTheory.Falconer.Angular.NonendpointAngularGain (5.2s)
✔ [10989/11013] Built OAI.MeasureTheory.Falconer.Radial.ReverseRadialTruncation (5.1s)
✔ [10990/11013] Built OAI.MeasureTheory.Falconer.Angular.GoodDirectionMass (4.6s)
✔ [10991/11017] Built OAI.MeasureTheory.Falconer.Geometry.ConditionalCellGeometry (4.6s)
✔ [10992/11019] Built OAI.MeasureTheory.Falconer.Recursion.ProfileSuffixMinimum (2.7s)
✔ [10993/11019] Built OAI.MeasureTheory.Falconer.Fourier.ProfileDerivativePoint (2.7s)
✔ [10994/11019] Built OAI.MeasureTheory.Falconer.Radial.NonendpointTubeGain (5.5s)
✔ [10995/11019] Built OAI.MeasureTheory.Falconer.Recursion.ProfileCompactness (2.5s)
✔ [10996/11019] Built OAI.MeasureTheory.Falconer.Radial.RadialCollisionMean (4.9s)
✔ [10997/11022] Built OAI.MeasureTheory.Falconer.Recursion.ProfileSuffixContact (2.6s)
✔ [10998/11022] Built OAI.MeasureTheory.Falconer.Radial.MiddleHeavyRadialMass (4.0s)
✔ [10999/11024] Built OAI.MeasureTheory.Falconer.Recursion.UniformFrostmanProfiles (4.5s)
✔ [11000/11024] Built OAI.MeasureTheory.Falconer.Recursion.ProfileUniformLimit (2.4s)
✔ [11001/11024] Built OAI.MeasureTheory.Falconer.Angular.NonendpointBadDirections (5.6s)
✔ [11002/11028] Built OAI.MeasureTheory.Falconer.Recursion.ProfileRightContact (2.7s)
✔ [11003/11028] Built OAI.MeasureTheory.Falconer.Radial.RadialMeanPowers (4.9s)
✔ [11004/11028] Built OAI.MeasureTheory.Falconer.Incidence.IncidenceMoment (1.0s)
✔ [11005/11028] Built OAI.MeasureTheory.Falconer.Radial.MiddleRadialPruning (4.8s)
✔ [11006/11032] Built OAI.MeasureTheory.Falconer.Recursion.ProfileContactInterval (3.3s)
✔ [11007/11034] Built OAI.MeasureTheory.Falconer.Radial.NonendpointRadialBadDirections (4.9s)
✔ [11008/11034] Built OAI.MeasureTheory.Falconer.Measures.FiberDensityPruning (2.6s)
✔ [11009/11036] Built OAI.MeasureTheory.Falconer.Recursion.ProfileContactStability (2.7s)
✔ [11010/11036] Built OAI.MeasureTheory.Falconer.Estimates.CellwisePairDeletion (1.8s)
✔ [11011/11036] Built OAI.MeasureTheory.Falconer.Radial.RadialMeanPowerBound (4.9s)
✔ [11012/11036] Built OAI.MeasureTheory.Falconer.Measures.MultiscaleDensityPruning (2.1s)
✔ [11013/11036] Built OAI.MeasureTheory.Falconer.Radial.OccupiedRadialTree (2.3s)
✔ [11014/11036] Built OAI.MeasureTheory.Falconer.Recursion.ProfileRoundContact (3.4s)
✔ [11015/11039] Built OAI.MeasureTheory.Falconer.Radial.NonendpointMiddleRadial (5.8s)
✔ [11016/11039] Built OAI.MeasureTheory.Falconer.Recursion.UniformProfileContact (2.7s)
✔ [11017/11039] Built OAI.MeasureTheory.Falconer.Measures.PairCorePruning (2.0s)
✔ [11018/11039] Built OAI.MeasureTheory.Falconer.Radial.ClasswiseRadialGain (5.3s)
✔ [11019/11039] Built OAI.MeasureTheory.Falconer.Recursion.RoundedProfileContact (2.9s)
✔ [11020/11039] Built OAI.MeasureTheory.Falconer.Radial.OuterRadialPruning (4.9s)
✔ [11021/11039] Built OAI.MeasureTheory.Falconer.Estimates.NonendpointOriginalMiddle (5.2s)
✔ [11022/11039] Built OAI.MeasureTheory.Falconer.Recursion.RelativeScaleBudget (4.5s)
✔ [11023/11039] Built OAI.MeasureTheory.Falconer.Recursion.SourceClassContact (4.0s)
✔ [11024/11039] Built OAI.MeasureTheory.Falconer.Radial.RegularizationRadialGain (4.7s)
✔ [11025/11040] Built OAI.MeasureTheory.Falconer.Recursion.RoundedContactWidth (2.8s)
✔ [11026/11042] Built OAI.MeasureTheory.Falconer.Recursion.UniformContactDepths (4.9s)
✔ [11027/11042] Built OAI.MeasureTheory.Falconer.Radial.UniformOuterRadial (5.2s)
✔ [11028/11042] Built OAI.MeasureTheory.Falconer.Radial.NonendpointSourceMiddle (5.1s)
✔ [11029/11042] Built OAI.MeasureTheory.Falconer.Geometry.MiddleScaleGeometry (5.8s)
✔ [11030/11042] Built OAI.MeasureTheory.Falconer.Estimates.SourceClassOriginalLaws (4.6s)
✔ [11031/11042] Built OAI.MeasureTheory.Falconer.Measures.FiniteRelativePruning (1.7s)
✔ [11032/11042] Built OAI.MeasureTheory.Falconer.Measures.CellwiseCollisionPruning (4.9s)
✔ [11033/11042] Built OAI.MeasureTheory.Falconer.Recursion.SourceClassIntervals (4.9s)
✔ [11034/11042] Built OAI.MeasureTheory.Falconer.Radial.OuterRadialWidths (4.9s)
✔ [11035/11042] Built OAI.MeasureTheory.Falconer.Geometry.UniformMiddleGeometry (4.7s)
✔ [11036/11045] Built OAI.MeasureTheory.Falconer.Estimates.RelativePairCore (4.7s)
✔ [11037/11047] Built OAI.MeasureTheory.Falconer.Estimates.ReverseLawTransfer (4.8s)
✔ [11038/11047] Built OAI.MeasureTheory.Falconer.Measures.DensityCellCharge (1.0s)
✔ [11039/11053] Built OAI.MeasureTheory.Falconer.Estimates.FiniteCellwiseCollision (4.8s)
✔ [11040/11055] Built OAI.MeasureTheory.Falconer.Radial.OuterRadialCell (5.5s)
✔ [11041/11055] Built OAI.MeasureTheory.Falconer.Measures.FiniteMassMultiplication (1.0s)
✔ [11042/11055] Built OAI.MeasureTheory.Falconer.Radial.RadialCapTube (4.9s)
✔ [11043/11055] Built OAI.MeasureTheory.Falconer.Angular.ReverseCapsAllRadii (4.7s)
✔ [11044/11060] Built OAI.MeasureTheory.Falconer.Geometry.OccupiedCellSeparation (2.2s)
✔ [11045/11064] Built OAI.MeasureTheory.Falconer.Radial.RadialCapCollision (4.7s)
✔ [11046/11064] Built OAI.MeasureTheory.Falconer.Radial.SourceClassOuterRadial (4.7s)
✔ [11047/11064] Built OAI.MeasureTheory.Falconer.Recursion.ThreeIntervalPower (2.6s)
✔ [11048/11064] Built OAI.MeasureTheory.Falconer.Angular.CapDensityCharge (4.8s)
✔ [11049/11067] Built OAI.MeasureTheory.Falconer.Measures.CollisionDensityCharge (5.1s)
✔ [11050/11068] Built OAI.MeasureTheory.Falconer.Recursion.ContactLossBudget (5.5s)
✔ [11051/11068] Built OAI.MeasureTheory.Falconer.Geometry.OneScaleGeometry (5.1s)
✔ [11052/11068] Built OAI.MeasureTheory.Falconer.Recursion.ThreeIntervalShift (5.2s)
✔ [11053/11068] Built OAI.MeasureTheory.Falconer.Estimates.OneScaleParameters (2.5s)
✔ [11054/11076] Built OAI.MeasureTheory.Falconer.Angular.MultiscaleCapMass (5.1s)
✔ [11055/11076] Built OAI.MeasureTheory.Falconer.Radial.RelativeClasswiseRadialGain (5.3s)
✔ [11056/11078] Built OAI.MeasureTheory.Falconer.Recursion.ThreeIntervalCost (5.8s)
✔ [11057/11081] Built OAI.MeasureTheory.Falconer.Radial.WeakRadialLocalBudget (2.7s)
✔ [11058/11081] Built OAI.MeasureTheory.Falconer.Recursion.ThreeIntervalProduct (4.8s)
✔ [11059/11081] Built OAI.MeasureTheory.Falconer.Measures.MultiscaleCollisionMass (4.0s)
✔ [11060/11081] Built OAI.MeasureTheory.Falconer.Estimates.RelativeRegularizationGain (5.2s)
✔ [11061/11081] Built OAI.MeasureTheory.Falconer.Radial.WeakRadialParameters (3.4s)
✔ [11062/11089] Built OAI.MeasureTheory.Falconer.Recursion.ThreeIntervalData (5.0s)
✔ [11063/11089] Built OAI.MeasureTheory.Falconer.Measures.CollisionPruningMultiplication (4.0s)
✔ [11064/11089] Built OAI.MeasureTheory.Falconer.Incidence.BadRowIncidence (2.2s)
✔ [11065/11089] Built OAI.MeasureTheory.Falconer.Radial.WeakRadialDeletionBudget (4.9s)
✔ [11066/11090] Built OAI.MeasureTheory.Falconer.Estimates.SourceRelativeRegularization (4.0s)
✔ [11067/11090] Built OAI.MeasureTheory.Falconer.Estimates.GoodRowSelection (2.3s)
✔ [11068/11090] Built OAI.MeasureTheory.Falconer.Estimates.SourceCollisionMultiplication (4.8s)
✔ [11069/11096] Built OAI.MeasureTheory.Falconer.Estimates.GoodRowSelectionAE (2.3s)
✔ [11070/11101] Built OAI.MeasureTheory.Falconer.Slicing.GnomonicSliceLaw (4.7s)
✔ [11071/11104] Built OAI.MeasureTheory.Falconer.Radial.WeakRadialTotalCost (5.5s)
✔ [11072/11104] Built OAI.MeasureTheory.Falconer.Measures.LocalPruningGain (4.7s)
✔ [11073/11108] Built OAI.MeasureTheory.Falconer.Radial.RadialAnglePotential (2.6s)
✔ [11074/11108] Built OAI.MeasureTheory.Falconer.Slicing.GaussianSelectPrunedPairCosts (5.1s)
✔ [11075/11108] Built OAI.MeasureTheory.Falconer.Slicing.GaussianMultiband (6.1s)
✔ [11076/11108] Built OAI.MeasureTheory.Falconer.Radial.RadialScaleWindow (5.4s)
✔ [11077/11113] Built OAI.MeasureTheory.Falconer.Estimates.DyadicLocalGain (5.2s)
✔ [11078/11113] Built OAI.MeasureTheory.Falconer.Radial.RadialRemoveDiagonal (4.0s)
✔ [11079/11113] Built OAI.MeasureTheory.Falconer.Slicing.GaussianSelectActiveCosts (4.0s)
✔ [11080/11113] Built OAI.MeasureTheory.Falconer.Slicing.GaussianGram (5.8s)
✔ [11081/11113] Built OAI.MeasureTheory.Falconer.Recursion.DyadicWindowInterpolation (4.7s)
✔ [11082/11113] Built OAI.MeasureTheory.Falconer.Radial.EndpointRadialLosses (5.4s)
✔ [11083/11113] Built OAI.MeasureTheory.Falconer.Incidence.CubicIncidence (1.9s)
✔ [11084/11113] Built OAI.MeasureTheory.Falconer.Recursion.ThreeIntervalDyadicGain (4.8s)
✔ [11085/11113] Built OAI.MeasureTheory.Falconer.Radial.RadialPairSeparation (4.7s)
✔ [11086/11113] Built OAI.MeasureTheory.Falconer.Slicing.GaussianOriginalCosts (4.8s)
✔ [11087/11113] Built OAI.MeasureTheory.Falconer.Radial.RadialWindowAvailability (4.8s)
✔ [11088/11113] Built OAI.MeasureTheory.Falconer.Slicing.GaussianTripleBand (4.0s)
✔ [11089/11113] Built OAI.MeasureTheory.Falconer.Incidence.CommonTripleIncidence (2.0s)
✔ [11090/11116] Built OAI.MeasureTheory.Falconer.Estimates.SelectCommonTriple (2.2s)
✔ [11091/11116] Built OAI.MeasureTheory.Falconer.Slicing.GaussianTripleNormalization (4.8s)
✔ [11092/11116] Built OAI.MeasureTheory.Falconer.Estimates.SelectBoundedCommonTriple (2.6s)
✔ [11093/11116] Built OAI.MeasureTheory.Falconer.Slicing.GaussianPolynomialCosts (5.2s)
✔ [11094/11124] Built OAI.MeasureTheory.Falconer.Recursion.NonendpointContactGain (8.6s)
✔ [11095/11124] Built OAI.MeasureTheory.Falconer.Slicing.DyadicSliceCosts (5.3s)
✔ [11096/11129] Built OAI.MeasureTheory.Falconer.Slicing.GaussianTruncatedTriple (6.1s)
✔ [11097/11129] Built OAI.MeasureTheory.Falconer.Estimates.NonendpointOneScale (5.3s)
✔ [11098/11132] Built OAI.MeasureTheory.Falconer.Estimates.FiniteTripleCounting (2.5s)
✔ [11099/11132] Built OAI.MeasureTheory.Falconer.Geometry.EuclideanCross (8.4s)
✔ [11100/11132] Built OAI.MeasureTheory.Falconer.Estimates.TripleGramStability (3.1s)
✔ [11101/11133] Built OAI.MeasureTheory.Falconer.Angular.GnomonicTripleKernel (5.3s)
✔ [11102/11133] Built OAI.MeasureTheory.Falconer.Incidence.LoomisWhitneyThree (3.3s)
✔ [11103/11133] Built OAI.MeasureTheory.Falconer.Radial.TwoSidedRadialIntersection (5.0s)
✔ [11104/11133] Built OAI.MeasureTheory.Falconer.Estimates.TripleColumns (2.7s)
✔ [11105/11136] Built OAI.MeasureTheory.Falconer.Angular.GnomonicPrunedLaw (4.0s)
✔ [11106/11136] Built OAI.MeasureTheory.Falconer.Slicing.SliceTripleStability (6.4s)
✔ [11107/11136] Built OAI.MeasureTheory.Falconer.Incidence.FiniteLoomisWhitney (2.8s)
✔ [11108/11136] Built OAI.MeasureTheory.Falconer.Recursion.AnchoredTriplePotential (5.5s)
✔ [11109/11136] Built OAI.MeasureTheory.Falconer.Slicing.UnnormalizedSliceBalls (6.1s)
✔ [11110/11136] Built OAI.MeasureTheory.Falconer.Radial.FiniteRadialRefinement (5.0s)
✔ [11111/11140] Built OAI.MeasureTheory.Falconer.Estimates.NonendpointTwoSidedScale (5.2s)
✔ [11112/11140] Built OAI.MeasureTheory.Falconer.Geometry.TripleFrameBound (5.4s)
✔ [11113/11140] Built OAI.MeasureTheory.Falconer.Geometry.SelectedChartRelation (5.2s)
✔ [11114/11140] Built OAI.MeasureTheory.Falconer.Incidence.TransverseTubeCount (3.8s)
✔ [11115/11140] Built OAI.MeasureTheory.Falconer.Angular.CappedOriginalCover (4.9s)
✔ [11116/11140] Built OAI.MeasureTheory.Falconer.Slicing.GaussianChartTripleAverage (6.6s)
✔ [11117/11140] Built OAI.MeasureTheory.Falconer.Recursion.NonendpointScaleWindow (5.3s)
✔ [11118/11140] Built OAI.MeasureTheory.Falconer.Slicing.GaussianChartPairAverage (6.3s)
✔ [11119/11140] Built OAI.MeasureTheory.Falconer.Radial.PhysicalTubeCover (5.6s)
✔ [11120/11140] Built OAI.MeasureTheory.Falconer.Geometry.SelectedChartGeometry (5.0s)
✔ [11121/11143] Built OAI.MeasureTheory.Falconer.Slicing.GaussianChartTripleKernelMeasurable (6.3s)
✔ [11122/11143] Built OAI.MeasureTheory.Falconer.Estimates.NonendpointAvailabilityGain (5.7s)
✔ [11123/11144] Built OAI.MeasureTheory.Falconer.Geometry.ChartCostMeasurable (6.8s)
✔ [11124/11145] Built OAI.MeasureTheory.Falconer.Estimates.TransversePhysicalCount (5.0s)
✔ [11125/11145] Built OAI.MeasureTheory.Falconer.Recursion.ProfileTelescoping (2.6s)
✔ [11126/11145] Built OAI.MeasureTheory.Falconer.Slicing.GaussianBadTripleMass (5.3s)
✔ [11127/11146] Built OAI.MeasureTheory.Falconer.Incidence.CommonTupleIncidence (2.2s)
✔ [11128/11154] Built OAI.MeasureTheory.Falconer.Geometry.TroublesomeCovers (5.0s)
✔ [11129/11154] Built OAI.MeasureTheory.Falconer.Radial.WeakRadialCapParameters (3.7s)
✔ [11130/11154] Built OAI.MeasureTheory.Falconer.Radial.ThreeTubeMass (4.9s)
✔ [11131/11154] Built OAI.MeasureTheory.Falconer.Estimates.BadTriplePower (5.6s)
✔ [11132/11154] Built OAI.MeasureTheory.Falconer.Geometry.GeneralFrameBound (5.4s)
✔ [11133/11160] Built OAI.MeasureTheory.Falconer.Radial.GeneralPhysicalTubeCover (5.9s)
✔ [11134/11160] Built OAI.MeasureTheory.Falconer.Radial.WeakRadialLosses (6.2s)
✔ [11135/11160] Built OAI.MeasureTheory.Falconer.Estimates.NearPinDeletion (1.0s)
✔ [11136/11164] Built OAI.MeasureTheory.Falconer.Estimates.ThreeTubePullback (5.9s)
✔ [11137/11164] Built OAI.MeasureTheory.Falconer.Estimates.EndpointBadTriples (5.1s)
✔ [11138/11164] Built OAI.MeasureTheory.Falconer.Estimates.GeneralTransverseCount (6.0s)
✔ [11139/11166] Built OAI.MeasureTheory.Falconer.Incidence.RadialBlockDepths (2.9s)
✔ [11140/11167] Built OAI.MeasureTheory.Falconer.Estimates.RetainedTubeTest (5.1s)
✔ [11141/11167] Built OAI.MeasureTheory.Falconer.Slicing.SliceThreeTubeMass (5.7s)
✔ [11142/11167] Built OAI.MeasureTheory.Falconer.Radial.GeneralTubeMass (5.1s)
✔ [11143/11167] Built OAI.MeasureTheory.Falconer.Radial.RadialFreezingScales (2.7s)
✔ [11144/11169] Built OAI.MeasureTheory.Falconer.Estimates.BadTripleRelation (6.2s)
✔ [11145/11169] Built OAI.MeasureTheory.Falconer.Radial.RadialProfileProduct (4.9s)
✔ [11146/11169] Built OAI.MeasureTheory.Falconer.Radial.LocalRadialPruning (5.1s)
✔ [11147/11169] Built OAI.MeasureTheory.Falconer.Geometry.DyadicScaleBallBounds (5.3s)
✔ [11148/11171] Built OAI.MeasureTheory.Falconer.Slicing.EndpointSliceObstruction (5.3s)
✔ [11149/11173] Built OAI.MeasureTheory.Falconer.Incidence.RadialIncidenceBound (5.2s)
✔ [11150/11173] Built OAI.MeasureTheory.Falconer.Slicing.EndpointSliceCosts (4.7s)
✔ [11151/11173] Built OAI.MeasureTheory.Falconer.Estimates.AnchoredPairFailure (5.4s)
✔ [11152/11174] Built OAI.MeasureTheory.Falconer.Incidence.RadialBlockRadius (5.1s)
✔ [11153/11174] Built OAI.MeasureTheory.Falconer.Radial.RadialProfileGap (5.4s)
✔ [11154/11176] Built OAI.MeasureTheory.Falconer.Radial.MultilevelRadialPruning (5.0s)
✔ [11155/11176] Built OAI.MeasureTheory.Falconer.Radial.RadialRegularClasses (5.7s)
✔ [11156/11176] Built OAI.MeasureTheory.Falconer.Incidence.TroublesomeIncidence (4.9s)
✔ [11157/11176] Built OAI.MeasureTheory.Falconer.Radial.RadialAllRadiusBound (5.2s)
✔ [11158/11176] Built OAI.MeasureTheory.Falconer.Geometry.SmallChartCube (2.5s)
✔ [11159/11176] Built OAI.MeasureTheory.Falconer.Geometry.SelectTransverseChartTriple (4.8s)
✔ [11160/11176] Built OAI.MeasureTheory.Falconer.Radial.RadialNearBallBounds (4.9s)
✔ [11161/11180] Built OAI.MeasureTheory.Falconer.Radial.RadialPinScaleBounds (4.9s)
✔ [11162/11180] Built OAI.MeasureTheory.Falconer.Radial.FiniteRadialPruning (5.3s)
✔ [11163/11181] Built OAI.MeasureTheory.Falconer.Radial.RadialCapExtension (4.7s)
✔ [11164/11181] Built OAI.MeasureTheory.Falconer.Incidence.RegularClassRadialIncidence (4.0s)
✔ [11165/11181] Built OAI.MeasureTheory.Falconer.Geometry.EndpointChartSelection (5.1s)
✔ [11166/11183] Built OAI.MeasureTheory.Falconer.Estimates.EndpointSelectionLosses (1.9s)
✔ [11167/11185] Built OAI.MeasureTheory.Falconer.Radial.DyadicRadialPruning (4.9s)
✔ [11168/11185] Built OAI.MeasureTheory.Falconer.Slicing.GaussianChartPairKernel (5.4s)
✔ [11169/11186] Built OAI.MeasureTheory.Falconer.Geometry.EndpointChartObstruction (6.7s)
✔ [11170/11188] Built OAI.MeasureTheory.Falconer.Radial.RegularClassRadialBudget (5.1s)
✔ [11171/11188] Built OAI.MeasureTheory.Falconer.Radial.GnomonicAffinePlate (5.5s)
✔ [11172/11190] Built OAI.MeasureTheory.Falconer.Angular.SmallGnomonicCap (5.5s)
✔ [11173/11190] Built OAI.MeasureTheory.Falconer.Geometry.ChartPairTransfer (5.8s)
✔ [11174/11192] Built OAI.MeasureTheory.Falconer.Measures.EndpointMassRatios (2.8s)
✔ [11175/11194] Built OAI.MeasureTheory.Falconer.Slicing.GaussianEndpointExclusion (6.5s)
✔ [11176/11194] Built OAI.MeasureTheory.Falconer.Estimates.EndpointRowBudget (2.8s)
✔ [11177/11205] Built OAI.MeasureTheory.Falconer.Estimates.RegularClassSmallTrouble (5.3s)
✔ [11178/11205] Built OAI.MeasureTheory.Falconer.Geometry.EndpointNormalize (2.2s)
✔ [11179/11209] Built OAI.MeasureTheory.Falconer.Geometry.ChartFiniteScaleBounds (5.0s)
✔ [11180/11209] Built OAI.MeasureTheory.Falconer.Geometry.ChartPairPower (6.2s)
✔ [11181/11209] Built OAI.MeasureTheory.Falconer.Estimates.RotatedTubeData (5.0s)
✔ [11182/11209] Built OAI.MeasureTheory.Falconer.Estimates.ControlledEndpointGain (6.9s)
✔ [11183/11211] Built OAI.MeasureTheory.Falconer.Estimates.EndpointApplicationNumerics (2.9s)
✔ [11184/11212] Built OAI.MeasureTheory.Falconer.Angular.EndpointAngularParameters (6.4s)
✔ [11185/11215] Built OAI.MeasureTheory.Falconer.Geometry.EndpointChartRadius (2.6s)
✔ [11186/11215] Built OAI.MeasureTheory.Falconer.Measures.SupportPairFilter (2.4s)
✔ [11187/11215] Built OAI.MeasureTheory.Falconer.Radial.SingleClassRadialGain (5.5s)
✔ [11188/11218] Built OAI.MeasureTheory.Falconer.Measures.ProductCellPartition (2.4s)
✔ [11189/11227] Built OAI.MeasureTheory.Falconer.Radial.ReverseSlabsAllRadii (4.8s)
✔ [11190/11227] Built OAI.MeasureTheory.Falconer.Estimates.OriginalPairFilter (2.6s)
✔ [11191/11227] Built OAI.MeasureTheory.Falconer.Slicing.GaussianFullRank (5.3s)
✔ [11192/11228] Built OAI.MeasureTheory.Falconer.Radial.SingleScaleWeakRadial (6.1s)
✔ [11193/11228] Built OAI.MeasureTheory.Falconer.Slicing.RectangularGramSchmidt (6.9s)
✔ [11194/11228] Built OAI.MeasureTheory.Falconer.Measures.SecondProjectedFrostman (5.2s)
✔ [11195/11228] Built OAI.MeasureTheory.Falconer.Measures.LiftedProductPartition (2.6s)
✔ [11196/11228] Built OAI.MeasureTheory.Falconer.Slicing.AffineSliceCoordinates (2.7s)
✔ [11197/11236] Built OAI.MeasureTheory.Falconer.Slicing.GaussianSpanRows (5.7s)
✔ [11198/11242] Built OAI.MeasureTheory.Falconer.Measures.FrostmanDimension (2.7s)
✔ [11199/11242] Built OAI.MeasureTheory.Falconer.Radial.AffineNullTuples (5.4s)
✔ [11200/11242] Built OAI.MeasureTheory.Falconer.Radial.WeakRadial (6.8s)
✔ [11201/11245] Built OAI.MeasureTheory.Falconer.Shells.PublishedClassicalDistance (2.3s)
✔ [11202/11245] Built OAI.MeasureTheory.Falconer.Estimates.FiniteHolder (2.2s)
✔ [11203/11249] Built OAI.MeasureTheory.Falconer.Slicing.GaussianPreservesIndependence (5.3s)
✔ [11204/11249] Built OAI.MeasureTheory.Falconer.Radial.ClassicalAffineDistance (2.7s)
✔ [11205/11249] Built OAI.MeasureTheory.Falconer.Radial.SmallChartWeakRadial (5.1s)
✔ [11206/11249] Built OAI.MeasureTheory.Falconer.Incidence.LoomisWhitneyCoordinates (2.2s)
✔ [11207/11249] Built OAI.MeasureTheory.Falconer.Fourier.ConeIntegration (6.1s)
✔ [11208/11249] Built OAI.MeasureTheory.Falconer.Angular.GnomonicCone (4.0s)
✔ [11209/11249] Built OAI.MeasureTheory.Falconer.Estimates.ChargedPlane (2.5s)
✔ [11210/11253] Built OAI.MeasureTheory.Falconer.Estimates.ProjectedIndependentTuples (5.3s)
✔ [11211/11255] Built OAI.MeasureTheory.Falconer.Radial.ConeRadialIntegral (4.0s)
✔ [11212/11255] Built OAI.MeasureTheory.Falconer.Incidence.WeightedLoomisStep (2.2s)
✔ [11213/11255] Built OAI.MeasureTheory.Falconer.Estimates.DimensionDescent (2.0s)
✔ [11214/11255] Built OAI.MeasureTheory.Falconer.Estimates.ConeSections (5.4s)
✔ [11215/11255] Built OAI.MeasureTheory.Falconer.Radial.ProjectedHyperplaneNull (5.5s)
✔ [11216/11255] Built OAI.MeasureTheory.Falconer.Radial.EndpointRadialPreparation (9.1s)
✔ [11217/11259] Built OAI.MeasureTheory.Falconer.Incidence.WeightedLoomisBase (2.0s)
✔ [11218/11262] Built OAI.MeasureTheory.Falconer.Radial.PlanarRadialDischarge (4.6s)
✔ [11219/11262] Built OAI.MeasureTheory.Falconer.Geometry.ChooseNonchargingProjection (5.1s)
✔ [11220/11262] Built OAI.MeasureTheory.Falconer.Angular.GnomonicConeVolume (5.7s)
✔ [11221/11262] Built OAI.MeasureTheory.Falconer.Incidence.FiniteLatticeLoomis (2.6s)
✔ [11222/11262] Built OAI.MeasureTheory.Falconer.Estimates.EndpointSphericalPreparation (5.4s)
✔ [11223/11264] Built OAI.MeasureTheory.Falconer.Measures.FrostmanWeakLimit (2.3s)
✔ [11224/11264] Built OAI.MeasureTheory.Falconer.Angular.CubeCapacity (5.3s)
✔ [11225/11268] Built OAI.MeasureTheory.Falconer.Estimates.TwoProjectedLaws (5.2s)
✔ [11226/11268] Built OAI.MeasureTheory.Falconer.Angular.GnomonicDischarge (5.3s)
✔ [11227/11268] Built OAI.MeasureTheory.Falconer.Radial.HeavySelection (2.9s)
✔ [11228/11268] Built OAI.MeasureTheory.Falconer.Measures.CubeMass (5.7s)
✔ [11229/11268] Built OAI.MeasureTheory.Falconer.Estimates.OddProjectedPieces (5.8s)
✔ [11230/11271] Built OAI.MeasureTheory.Falconer.Radial.HeavyMaximal (2.5s)
✔ [11231/11277] Built OAI.MeasureTheory.Falconer.Geometry.OrthonormalRectangle (6.6s)
✔ [11232/11277] Built OAI.MeasureTheory.Falconer.Slicing.GaussianFourier (3.2s)
✔ [11233/11277] Built OAI.MeasureTheory.Falconer.Measures.CubeProbability (5.0s)
✔ [11234/11277] Built OAI.MeasureTheory.Falconer.Fourier.LaplacianFourier (3.7s)
✔ [11235/11277] Built OAI.MeasureTheory.Falconer.Fourier.CompactFourierBound (4.1s)
✔ [11236/11277] Built OAI.MeasureTheory.Falconer.Radial.TwoSlabSingleScale (6.8s)
✔ [11237/11278] Built OAI.MeasureTheory.Falconer.Geometry.EndpointChartGain (19s)
✔ [11238/11278] Built OAI.MeasureTheory.Falconer.Slicing.OscillatoryGaussian (3.6s)
✔ [11239/11278] Built OAI.MeasureTheory.Falconer.Geometry.CubeBallBound (5.5s)
✔ [11240/11279] Built OAI.MeasureTheory.Falconer.Radial.RadialTaylor (6.1s)
✔ [11241/11279] Built OAI.MeasureTheory.Falconer.Radial.HeavyDischarge (6.3s)
✔ [11242/11279] Built OAI.MeasureTheory.Falconer.Estimates.EndpointSubprobability (6.2s)
✔ [11243/11279] Built OAI.MeasureTheory.Falconer.Geometry.QuadraticNormalization (5.6s)
✔ [11244/11279] Built OAI.MeasureTheory.Falconer.Geometry.SurfaceTestNorm (6.4s)
✔ [11245/11284] Built OAI.MeasureTheory.Falconer.Measures.FrostmanDischarge (5.5s)
✔ [11246/11284] Built OAI.MeasureTheory.Falconer.Fourier.EuclideanPolar (3.1s)
✔ [11247/11284] Built OAI.MeasureTheory.Falconer.Estimates.QuadraticCoefficients (5.3s)
✔ [11248/11284] Built OAI.MeasureTheory.Falconer.Estimates.EndpointOrientedGain (5.0s)
✔ [11249/11289] Built OAI.MeasureTheory.Falconer.Radial.SphereSlab (6.0s)
✔ [11250/11293] Built OAI.MeasureTheory.Falconer.Geometry.EuclideanTrace (7.7s)
✔ [11251/11293] Built OAI.MeasureTheory.Falconer.Estimates.QuadraticDischarge (5.7s)
✔ [11252/11293] Built OAI.MeasureTheory.Falconer.Angular.EndpointAngularGain (5.7s)
✔ [11253/11298] Built OAI.MeasureTheory.Falconer.Slicing.SlabSliceAverage (6.2s)
✔ [11254/11298] Built OAI.MeasureTheory.Falconer.Recursion.SurfacePotential (4.0s)
✔ [11256/11307] Built OAI.MeasureTheory.Falconer.Geometry.EuclideanLpTrace (5.4s)
✔ [11257/11307] Built OAI.MeasureTheory.Falconer.Radial.EndpointTubeGain (5.6s)
✔ [11258/11307] Built OAI.MeasureTheory.Falconer.Angular.ProjectionAngularMoment (5.0s)
✔ [11259/11307] Built OAI.MeasureTheory.Falconer.Angular.EndpointBadDirections (5.9s)
✔ [11260/11307] Built OAI.MeasureTheory.Falconer.Slicing.HyperplaneSlice (12s)
✔ [11261/11307] Built OAI.MeasureTheory.Falconer.Geometry.ProjectionKernel (6.8s)
✔ [11262/11307] Built OAI.MeasureTheory.Falconer.Radial.EndpointRadialBadDirections (4.5s)
✔ [11263/11307] Built OAI.MeasureTheory.Falconer.Slicing.HyperplaneSliceEnergy (4.4s)
✔ [11264/11307] Built OAI.MeasureTheory.Falconer.Radial.HyperplaneEnergy (5.7s)
✔ [11265/11307] Built OAI.MeasureTheory.Falconer.Radial.EndpointMiddleRadial (5.8s)
✔ [11266/11307] Built OAI.MeasureTheory.Falconer.Radial.HyperplaneMixedEnergy (4.6s)
✔ [11267/11307] Built OAI.MeasureTheory.Falconer.Radial.HyperplaneFrame (4.8s)
✔ [11268/11307] Built OAI.MeasureTheory.Falconer.Estimates.EndpointOriginalMiddle (4.5s)
✔ [11269/11307] Built OAI.MeasureTheory.Falconer.Radial.HyperplaneFiber (3.9s)
✔ [11270/11307] Built OAI.MeasureTheory.Falconer.Radial.EndpointSourceMiddle (4.6s)
✔ [11271/11307] Built OAI.MeasureTheory.Falconer.Radial.HyperplaneFourier (4.6s)
✔ [11272/11307] Built OAI.MeasureTheory.Falconer.Radial.EuclideanRadialDensity (5.4s)
✔ [11273/11307] Built OAI.MeasureTheory.Falconer.Radial.HyperplaneTrace (5.2s)
✔ [11274/11307] Built OAI.MeasureTheory.Falconer.Geometry.EuclideanMollifier (5.4s)
✔ [11275/11307] Built OAI.MeasureTheory.Falconer.Radial.AllDimensionalRadialTestBound (5.8s)
✔ [11276/11307] Built OAI.MeasureTheory.Falconer.Recursion.EndpointContactGain (9.2s)
✔ [11277/11307] Built OAI.MeasureTheory.Falconer.Fourier.EuclideanSmoothConvolution (4.8s)
✔ [11278/11307] Built OAI.MeasureTheory.Falconer.Radial.AllDimensionalSmoothRadialEstimate (5.1s)
✔ [11279/11307] Built OAI.MeasureTheory.Falconer.Estimates.EndpointOneScale (4.7s)
✔ [11280/11307] Built OAI.MeasureTheory.Falconer.Radial.AllDimensionalMollifiedRadialBound (4.1s)
✔ [11281/11307] Built OAI.MeasureTheory.Falconer.Geometry.EuclideanWeakApproximation (5.5s)
✔ [11282/11307] Built OAI.MeasureTheory.Falconer.Estimates.EndpointTwoSidedScale (4.3s)
✔ [11283/11307] Built OAI.MeasureTheory.Falconer.Radial.RadialAtomless (4.4s)
✔ [11284/11307] Built OAI.MeasureTheory.Falconer.Recursion.EndpointScaleWindow (3.8s)
✔ [11285/11307] Built OAI.MeasureTheory.Falconer.Radial.RadialTestFatou (3.5s)
✔ [11286/11307] Built OAI.MeasureTheory.Falconer.Estimates.EndpointAvailabilityGain (3.9s)
✔ [11287/11307] Built OAI.MeasureTheory.Falconer.Radial.RadialTestMoment (3.5s)
✔ [11288/11307] Built OAI.MeasureTheory.Falconer.Radial.ThinTubeUpgrade (3.6s)
✔ [11289/11307] Built OAI.MeasureTheory.Falconer.Radial.RadialDischarge (4.0s)
✔ [11290/11307] Built OAI.MeasureTheory.Falconer.Angular.OddAuxiliaryCaps (3.9s)
✔ [11291/11307] Built OAI.MeasureTheory.Falconer.Angular.OddOriginalCaps (3.1s)
✔ [11292/11307] Built OAI.MeasureTheory.Falconer.Estimates.OddNonchargingPreparation (3.3s)
✔ [11293/11307] Built OAI.MeasureTheory.Falconer.Estimates.OddPreparedPair (3.5s)
✔ [11294/11307] Built OAI.MeasureTheory.Falconer.Estimates.StartingPreparation (3.6s)
✔ [11295/11307] Built OAI.MeasureTheory.Falconer.Estimates.OddDescent (3.0s)
✔ [11296/11307] Built OAI.MeasureTheory.Falconer.Estimates.StartingDescent (3.3s)
✔ [11297/11307] Built OAI.MeasureTheory.Falconer.Shells.PreparedEndgame (4.1s)
✔ [11298/11307] Built OAI.MeasureTheory.Falconer.Estimates.AllDimensionalMain (3.4s)
✔ [11299/11307] Built OAI.MeasureTheory.Falconer.Estimates.ReducedInputsMain (3.3s)
✔ [11300/11307] Built OAI.MeasureTheory.Falconer.Estimates.SevenInputsMain (3.4s)
✔ [11301/11307] Built OAI.MeasureTheory.Falconer.Estimates.SixInputsMain (3.3s)
✔ [11302/11307] Built OAI.MeasureTheory.Falconer.Estimates.FiveInputsMain (3.3s)
✔ [11303/11307] Built OAI.MeasureTheory.Falconer.Estimates.FourInputsMain (3.4s)
✔ [11304/11307] Built OAI.MeasureTheory.Falconer.Estimates.ThreeInputsMain (3.4s)
✔ [11305/11307] Built OAI.MeasureTheory.Falconer.Estimates.TwoInputsMain (3.2s)
✔ [11306/11307] Built OAI.MeasureTheory.Falconer.Estimates.OneInputMain (3.3s)
✔ [11307/11307] Built OAI.MeasureTheory.Falconer.Campaign123PlanarFurstenbergProof (3.8s)
Build completed successfully (11307 jobs).
Exporting #[Quot, Quot.mk, Quot.lift, Quot.ind, OAI.Falconer.falconer_distance_conjecture, propext, Quot.sound, Classical.choice, Nat.add, Nat.sub, Nat.mul, Nat.pow, Nat.gcd, Nat.div, Nat.mod, Nat.beq, Nat.ble, Nat.land, Nat.lor, Nat.xor, Nat.shiftLeft, Nat.shiftRight, String.ofList, Char.ofNat, List, eagerReduce, Nat, String, String.mk, Char, optParam, autoParam, semiOutParam, outParam] from OAI.MeasureTheory.Falconer.Campaign123PlanarFurstenbergProof
Running Lean default kernel on solution.
Lean default kernel accepts the solution
Your solution is okay!
Finished with result: success
Main processes terminated with: code=exited/status=0
Service runtime: 53min 7.580s
CPU time consumed: 3h 13min 426ms
Memory peak: 512.0K
Memory swap peak: 0B
